USE SQVS;
SET FOREIGN_KEY_CHECKS = 0;
TRUNCATE TABLE AUDIT_LOG;
TRUNCATE TABLE ERROR_REPORT;
TRUNCATE TABLE NOTIFICATION;
TRUNCATE TABLE VERIFICATION_CERTIFICATE;
TRUNCATE TABLE PAYMENT_TRANSACTION;
TRUNCATE TABLE REQUESTED_QUALIFICATION;
TRUNCATE TABLE VERIFICATION_REQUEST;
TRUNCATE TABLE EXTERNAL_VERIFIER;
TRUNCATE TABLE SUPPORTING_DOCUMENT;
TRUNCATE TABLE QUALIFICATION;
TRUNCATE TABLE STUDENT;
TRUNCATE TABLE INSTITUTION_STAFF;
TRUNCATE TABLE INSTITUTION;
TRUNCATE TABLE VERIFICATION_FEE;
TRUNCATE TABLE MINISTRY_OFFICIAL;
SET FOREIGN_KEY_CHECKS = 1;

-- MINISTRY OFFICIALS
-- Password for all = password123 (bcrypt)


INSERT INTO MINISTRY_OFFICIAL (Name, Email, Password_Hash, Phone, Status) VALUES
('Rajesh Kumar Sharma', 'rajesh.sharma@gov.in', '$2a$10$8RU9HdBlVL/vMO5ab95u5epFyIPZ2EoYs9CB8qRyiCPnmEZY2br9G', '9810045231', 'Active'),
('Priya Nair',          'priya.nair@gov.in',    '$2a$10$8RU9HdBlVL/vMO5ab95u5epFyIPZ2EoYs9CB8qRyiCPnmEZY2br9G', '9823156780', 'Active'),
('Sanjay Kumar Gupta',  'sanjay.gupta@gov.in',  '$2a$10$8RU9HdBlVL/vMO5ab95u5epFyIPZ2EoYs9CB8qRyiCPnmEZY2br9G', '9711234560', 'Active'),
('Meena Kumari Verma',  'meena.verma@gov.in',   '$2a$10$8RU9HdBlVL/vMO5ab95u5epFyIPZ2EoYs9CB8qRyiCPnmEZY2br9G', '9654301287', 'Active');

-- VERIFICATION FEES

INSERT INTO VERIFICATION_FEE (Purpose, Base_Fee, Processing_Days) VALUES
('Employment',       500, 5),
('Higher Education', 400, 4),
('Immigration',      800, 7),
('Scholarship',      300, 3),
('Government Job',   600, 6);

-- INSTITUTIONS

INSERT INTO INSTITUTION (License_Number, Institution_Name, Institution_Type, Location, Contact_Email, Contact_Phone, Status, Approved_By, Approval_Date) VALUES
('LIC1001', 'Delhi Technological University',   'University', 'New Delhi', 'registrar@dtu.ac.in',       '9811023456', 'Approved', 1,    '2024-01-10'),
('LIC1002', 'Mumbai Commerce College',          'College',    'Mumbai',    'admin@mumbaicommerce.edu',   '9820134567', 'Approved', 2,    '2024-01-15'),
('LIC1003', 'Bangalore Science Academy',        'College',    'Bengaluru', 'info@bsacademy.edu',         '9845201234', 'Approved', 2,    '2024-01-20'),
('LIC1004', 'Pune Engineering Institute',       'College',    'Pune',      'contact@pei.edu.in',         '9822098765', 'Approved', 2,    '2024-01-22'),
('LIC1005', 'Chennai Arts College',             'College',    'Chennai',   'admin@chennaiartsclg.edu',   '9841345678', 'Approved', 2,    '2024-01-25'),
('LIC1006', 'Hyderabad Tech University',        'University', 'Hyderabad', 'office@htuniv.edu.in',       '9849012345', 'Approved', 2,    '2024-02-01'),
('LIC1007', 'Kolkata Management School',        'College',    'Kolkata',   'admin@kms.edu.in',           '9830123456', 'Approved', 2,    '2024-02-05'),
('LIC1008', 'Ahmedabad Design Institute',       'School',     'Ahmedabad', 'info@adiahmedabad.edu',      '9879023456', 'Pending',  NULL, NULL),
('LIC1009', 'Jaipur Royal College of Commerce', 'College',    'Jaipur',    'admin@jrcc.edu.in',          '9829112233', 'Pending',  NULL, NULL),
('LIC1010', 'Lucknow Medical College',          'College',    'Lucknow',   'registrar@lucknowmed.edu',   '9839201234', 'Rejected', NULL, NULL);

-- INSTITUTION STAFF

INSERT INTO INSTITUTION_STAFF (Institution_ID, Staff_Name, Email, Password_Hash, Phone, Role, Status, Hired_Date) VALUES
(1,  'Amit Kumar Tiwari',     'amit.tiwari@dtu.ac.in',           '$2a$10$8RU9HdBlVL/vMO5ab95u5epFyIPZ2EoYs9CB8qRyiCPnmEZY2br9G', '9810112233', 'Administrator',       'Active',   '2023-01-10'),
(1,  'Sneha Singh Rathore',   'sneha.rathore@dtu.ac.in',         '$2a$10$8RU9HdBlVL/vMO5ab95u5epFyIPZ2EoYs9CB8qRyiCPnmEZY2br9G', '9810223344', 'Verifier',            'Active',   '2023-03-05'),
(1,  'Manish Yadav',          'manish.yadav@dtu.ac.in',          '$2a$10$8RU9HdBlVL/vMO5ab95u5epFyIPZ2EoYs9CB8qRyiCPnmEZY2br9G', '9810334455', 'Data_Entry_Operator', 'Active',   '2023-04-01'),
(2,  'Rohit Mehta',           'rohit.mehta@mumbaicommerce.edu',  '$2a$10$8RU9HdBlVL/vMO5ab95u5epFyIPZ2EoYs9CB8qRyiCPnmEZY2br9G', '9820334455', 'Administrator',       'Active',   '2023-01-10'),
(2,  'Kavita Sharma',         'kavita.sharma@mumbaicommerce.edu','$2a$10$8RU9HdBlVL/vMO5ab95u5epFyIPZ2EoYs9CB8qRyiCPnmEZY2br9G', '9820445566', 'Verifier',            'Active',   '2023-03-05'),
(2,  'Nilesh Patil',          'nilesh.patil@mumbaicommerce.edu', '$2a$10$8RU9HdBlVL/vMO5ab95u5epFyIPZ2EoYs9CB8qRyiCPnmEZY2br9G', '9820556677', 'Data_Entry_Operator', 'Active',   '2023-04-01'),
(3,  'Suresh Babu Nair',      'suresh.nair@bsacademy.edu',       '$2a$10$8RU9HdBlVL/vMO5ab95u5epFyIPZ2EoYs9CB8qRyiCPnmEZY2br9G', '9845556677', 'Administrator',       'Active',   '2023-01-10'),
(3,  'Divya Krishnamurthy',   'divya.k@bsacademy.edu',           '$2a$10$8RU9HdBlVL/vMO5ab95u5epFyIPZ2EoYs9CB8qRyiCPnmEZY2br9G', '9845667788', 'Verifier',            'Active',   '2023-03-05'),
(3,  'Ravi Shankar Gowda',    'ravi.gowda@bsacademy.edu',        '$2a$10$8RU9HdBlVL/vMO5ab95u5epFyIPZ2EoYs9CB8qRyiCPnmEZY2br9G', '9845778899', 'Data_Entry_Operator', 'Active',   '2023-04-01'),
(4,  'Mahesh Kulkarni',       'mahesh.kulkarni@pei.edu.in',      '$2a$10$8RU9HdBlVL/vMO5ab95u5epFyIPZ2EoYs9CB8qRyiCPnmEZY2br9G', '9822778899', 'Administrator',       'Active',   '2023-01-10'),
(4,  'Pooja Deshmukh',        'pooja.deshmukh@pei.edu.in',       '$2a$10$8RU9HdBlVL/vMO5ab95u5epFyIPZ2EoYs9CB8qRyiCPnmEZY2br9G', '9822889900', 'Verifier',            'Active',   '2023-03-05'),
(4,  'Sachin Bhosale',        'sachin.bhosale@pei.edu.in',       '$2a$10$8RU9HdBlVL/vMO5ab95u5epFyIPZ2EoYs9CB8qRyiCPnmEZY2br9G', '9822990011', 'Data_Entry_Operator', 'Active',   '2023-04-01'),
(5,  'Karthik Rajan',         'karthik.rajan@chennaiartsclg.edu','$2a$10$8RU9HdBlVL/vMO5ab95u5epFyIPZ2EoYs9CB8qRyiCPnmEZY2br9G', '9841990011', 'Administrator',       'Active',   '2023-01-10'),
(5,  'Lakshmi Venkataraman',  'lakshmi.v@chennaiartsclg.edu',    '$2a$10$8RU9HdBlVL/vMO5ab95u5epFyIPZ2EoYs9CB8qRyiCPnmEZY2br9G', '9841001122', 'Verifier',            'Active',   '2023-03-05'),
(5,  'Murugan Selvam',        'murugan.selvam@chennaiartsclg.edu','$2a$10$8RU9HdBlVL/vMO5ab95u5epFyIPZ2EoYs9CB8qRyiCPnmEZY2br9G','9841112233', 'Data_Entry_Operator', 'Active',   '2023-04-01'),
(6,  'Venkat Reddy',          'venkat.reddy@htuniv.edu.in',      '$2a$10$8RU9HdBlVL/vMO5ab95u5epFyIPZ2EoYs9CB8qRyiCPnmEZY2br9G', '9849112233', 'Administrator',       'Active',   '2023-01-10'),
(6,  'Anitha Padmanabhan',    'anitha.p@htuniv.edu.in',          '$2a$10$8RU9HdBlVL/vMO5ab95u5epFyIPZ2EoYs9CB8qRyiCPnmEZY2br9G', '9849223344', 'Verifier',            'Active',   '2023-03-05'),
(6,  'Srikanth Babu',         'srikanth.babu@htuniv.edu.in',     '$2a$10$8RU9HdBlVL/vMO5ab95u5epFyIPZ2EoYs9CB8qRyiCPnmEZY2br9G', '9849334455', 'Data_Entry_Operator', 'Active',   '2023-04-01'),
(7,  'Debashish Banerjee',    'debashish.b@kms.edu.in',          '$2a$10$8RU9HdBlVL/vMO5ab95u5epFyIPZ2EoYs9CB8qRyiCPnmEZY2br9G', '9830334455', 'Administrator',       'Active',   '2023-01-10'),
(7,  'Rina Chakraborty',      'rina.chakraborty@kms.edu.in',     '$2a$10$8RU9HdBlVL/vMO5ab95u5epFyIPZ2EoYs9CB8qRyiCPnmEZY2br9G', '9830445566', 'Verifier',            'Active',   '2023-03-05'),
(7,  'Arnab Ghosh',           'arnab.ghosh@kms.edu.in',          '$2a$10$8RU9HdBlVL/vMO5ab95u5epFyIPZ2EoYs9CB8qRyiCPnmEZY2br9G', '9830556677', 'Data_Entry_Operator', 'Active',   '2023-04-01'),
(8,  'Jignesh Patel',         'jignesh.patel@adiahmedabad.edu',  '$2a$10$8RU9HdBlVL/vMO5ab95u5epFyIPZ2EoYs9CB8qRyiCPnmEZY2br9G', '9879556677', 'Administrator',       'Inactive', '2023-01-10'),
(9,  'Sunil Agarwal',         'sunil.agarwal@jrcc.edu.in',       '$2a$10$8RU9HdBlVL/vMO5ab95u5epFyIPZ2EoYs9CB8qRyiCPnmEZY2br9G', '9829778899', 'Administrator',       'Inactive', '2023-01-10'),
(10, 'Shalini Srivastava',    'shalini.s@lucknowmed.edu',        '$2a$10$8RU9HdBlVL/vMO5ab95u5epFyIPZ2EoYs9CB8qRyiCPnmEZY2br9G', '9839990011', 'Administrator',       'Inactive', '2023-01-10');

-- STUDENTS

INSERT INTO STUDENT (NED_ID, Student_Name, Email, Password_Hash, Phone, Aadhaar_Number, Date_of_Birth, Address) VALUES
('NED-Q450J-L9GNI', 'Anil Kumar Ahirwar',  'anil.ahirwar@gmail.com',    '$2a$10$8RU9HdBlVL/vMO5ab95u5epFyIPZ2EoYs9CB8qRyiCPnmEZY2br9G', '9871100001', '234561234501', '2004-03-05', '14, Laxmi Nagar, New Delhi - 110092'),
('NED-PBYDC-W2ZDW', 'Rahul Gupta',         'rahul.gupta@gmail.com',     '$2a$10$8RU9HdBlVL/vMO5ab95u5epFyIPZ2EoYs9CB8qRyiCPnmEZY2br9G', '9821200002', '345672345602', '2004-04-06', 'B-42, Andheri West, Mumbai - 400053'),
('NED-JP2XB-P75NJ', 'Neha Sharma',         'neha.sharma97@gmail.com',   '$2a$10$8RU9HdBlVL/vMO5ab95u5epFyIPZ2EoYs9CB8qRyiCPnmEZY2br9G', '9843300003', '456783456703', '2005-08-07', '7, Rajaji Nagar, Bengaluru - 560010'),
('NED-5QSFR-R64OP', 'Aman Singh Rathore',  'aman.rathore@gmail.com',    '$2a$10$8RU9HdBlVL/vMO5ab95u5epFyIPZ2EoYs9CB8qRyiCPnmEZY2br9G', '9824400004', '567894567804', '2002-05-13', '23, Deccan Gymkhana, Pune - 411004'),
('NED-BKFWM-YNECU', 'Priya Venkatesh',     'priya.venkatesh@gmail.com', '$2a$10$8RU9HdBlVL/vMO5ab95u5epFyIPZ2EoYs9CB8qRyiCPnmEZY2br9G', '9842500005', '678905678905', '2002-12-06', '5, T. Nagar, Chennai - 600017'),
('NED-Z9L5K-2HIV9',  'Mohammed Irfan Khan','irfan.khan@gmail.com',      '$2a$10$8RU9HdBlVL/vMO5ab95u5epFyIPZ2EoYs9CB8qRyiCPnmEZY2br9G', '9848600006', '789016789006', '2004-10-26', '12, Tolichowki, Hyderabad - 500008'),
('NED-O2YTK-92JME', 'Suman Das',           'suman.das@gmail.com',       '$2a$10$8RU9HdBlVL/vMO5ab95u5epFyIPZ2EoYs9CB8qRyiCPnmEZY2br9G', '9831700007', '890127890107', '2004-05-23', '88, Lake Town, Kolkata - 700089'),
('NED-LJFWN-H3E96', 'Hardik Patel',        'hardik.patel@gmail.com',    '$2a$10$8RU9HdBlVL/vMO5ab95u5epFyIPZ2EoYs9CB8qRyiCPnmEZY2br9G', '9876800008', '901238901208', '2000-10-12', '31, Satellite Road, Ahmedabad - 380015'),
('NED-PWJS5-322RG', 'Ankita Joshi',        'ankita.joshi@gmail.com',    '$2a$10$8RU9HdBlVL/vMO5ab95u5epFyIPZ2EoYs9CB8qRyiCPnmEZY2br9G', '9826900009', '012349012309', '2003-10-01', '9, Malviya Nagar, Jaipur - 302017'),
('NED-61QF0-K7EZR', 'Vikram Srivastava',   'vikram.srivas@gmail.com',   '$2a$10$8RU9HdBlVL/vMO5ab95u5epFyIPZ2EoYs9CB8qRyiCPnmEZY2br9G', '9839000010', '123450123410', '2002-10-18', '45, Gomti Nagar, Lucknow - 226010'),
('NED-JZBWC-OPVJ3', 'Pooja Mishra',        'pooja.mishra@gmail.com',    '$2a$10$8RU9HdBlVL/vMO5ab95u5epFyIPZ2EoYs9CB8qRyiCPnmEZY2br9G', '9871000011', '234561234511', '2001-09-17', '22, Rohini Sector 7, New Delhi - 110085'),
('NED-XPLEF-BDQZF', 'Rajan Mehra',         'rajan.mehra@gmail.com',     '$2a$10$8RU9HdBlVL/vMO5ab95u5epFyIPZ2EoYs9CB8qRyiCPnmEZY2br9G', '9820100012', '345672345612', '2005-01-02', 'A-7, Bandra East, Mumbai - 400051'),
('NED-CN5AH-1SNT7', 'Deepa Nair',          'deepa.nair@gmail.com',      '$2a$10$8RU9HdBlVL/vMO5ab95u5epFyIPZ2EoYs9CB8qRyiCPnmEZY2br9G', '9845200013', '456783456713', '2002-03-12', '3, Indira Nagar, Bengaluru - 560038'),
('NED-S6MG1-0J2LG', 'Siddharth Kulkarni',  'sidkulkarni@gmail.com',     '$2a$10$8RU9HdBlVL/vMO5ab95u5epFyIPZ2EoYs9CB8qRyiCPnmEZY2br9G', '9823300014', '567894567814', '2002-09-19', '67, Kothrud, Pune - 411038'),
('NED-BO0G5-NBBTA', 'Ananya Krishnan',     'ananya.krishnan@gmail.com', '$2a$10$8RU9HdBlVL/vMO5ab95u5epFyIPZ2EoYs9CB8qRyiCPnmEZY2br9G', '9841400015', '678905678915', '2001-08-13', '18, Adyar, Chennai - 600020'),
('NED-BYACQ-7YDJX', 'Naveen Reddy',        'naveen.reddy@gmail.com',    '$2a$10$8RU9HdBlVL/vMO5ab95u5epFyIPZ2EoYs9CB8qRyiCPnmEZY2br9G', '9848500016', '789016789016', '2000-07-09', '56, Banjara Hills, Hyderabad - 500034'),
('NED-794OR-GU0WW', 'Shreya Ghosh',        'shreya.ghosh@gmail.com',    '$2a$10$8RU9HdBlVL/vMO5ab95u5epFyIPZ2EoYs9CB8qRyiCPnmEZY2br9G', '9830600017', '890127890117', '2001-09-02', '77, Park Street, Kolkata - 700016'),
('NED-ZSGCS-RH52L', 'Chirag Shah',         'chirag.shah@gmail.com',     '$2a$10$8RU9HdBlVL/vMO5ab95u5epFyIPZ2EoYs9CB8qRyiCPnmEZY2br9G', '9879700018', '901238901218', '2001-11-05', '4, Navrangpura, Ahmedabad - 380009'),
('NED-PX0FB-2L1KN', 'Ritika Agarwal',      'ritika.agarwal@gmail.com',  '$2a$10$8RU9HdBlVL/vMO5ab95u5epFyIPZ2EoYs9CB8qRyiCPnmEZY2br9G', '9829800019', '012349012319', '2003-07-02', '11, C-Scheme, Jaipur - 302001'),
('NED-V3413-3JRYM',  'Ajay Kumar Tripathi','ajay.tripathi@gmail.com',   '$2a$10$8RU9HdBlVL/vMO5ab95u5epFyIPZ2EoYs9CB8qRyiCPnmEZY2br9G', '9838900020', '123450123420', '2001-01-13', '34, Hazratganj, Lucknow - 226001'),
('NED-I1AAN-FI9U4', 'Swati Jain',          'swati.jain@gmail.com',      '$2a$10$8RU9HdBlVL/vMO5ab95u5epFyIPZ2EoYs9CB8qRyiCPnmEZY2br9G', '9810000021', '234561234521', '2001-03-22', '8, Karol Bagh, New Delhi - 110005'),
('NED-65FV3-NB1A7', 'Kunal Bose',          'kunal.bose@gmail.com',      '$2a$10$8RU9HdBlVL/vMO5ab95u5epFyIPZ2EoYs9CB8qRyiCPnmEZY2br9G', '9820200022', '345672345622', '2005-01-10', '20, Dadar, Mumbai - 400014'),
('NED-KK9QE-XTNHS', 'Meghna Iyer',         'meghna.iyer@gmail.com',     '$2a$10$8RU9HdBlVL/vMO5ab95u5epFyIPZ2EoYs9CB8qRyiCPnmEZY2br9G', '9844300023', '456783456723', '2004-10-06', '15, Koramangala, Bengaluru - 560034'),
('NED-6LL0Q-EBT03', 'Pratik Desai',        'pratik.desai@gmail.com',    '$2a$10$8RU9HdBlVL/vMO5ab95u5epFyIPZ2EoYs9CB8qRyiCPnmEZY2br9G', '9822400024', '567894567824', '2002-12-15', 'C-12, Shivajinagar, Pune - 411005'),
('NED-8ZCTB-0XX4D', 'Roshni Subramaniam',  'roshni.sub@gmail.com',      '$2a$10$8RU9HdBlVL/vMO5ab95u5epFyIPZ2EoYs9CB8qRyiCPnmEZY2br9G', '9840500025', '678905678925', '2000-09-12', '2, Nungambakkam, Chennai - 600034'),
('NED-QB99S-E8ZQ4', 'Arjun Rao Goud',      'arjun.goud@gmail.com',      '$2a$10$8RU9HdBlVL/vMO5ab95u5epFyIPZ2EoYs9CB8qRyiCPnmEZY2br9G', '9847600026', '789016789026', '2000-02-09', '39, Jubilee Hills, Hyderabad - 500033'),
('NED-YXUIX-2I1IR', 'Tanushree Mukherjee', 'tanushree.m@gmail.com',     '$2a$10$8RU9HdBlVL/vMO5ab95u5epFyIPZ2EoYs9CB8qRyiCPnmEZY2br9G', '9832700027', '890127890127', '2003-12-07', '10, Salt Lake City, Kolkata - 700064'),
('NED-0NNDK-L0UW6', 'Vishal Trivedi',      'vishal.trivedi@gmail.com',  '$2a$10$8RU9HdBlVL/vMO5ab95u5epFyIPZ2EoYs9CB8qRyiCPnmEZY2br9G', '9878800028', '901238901228', '2000-08-03', '6, Vastrapur, Ahmedabad - 380054'),
('NED-YY13B-2NICQ', 'Nisha Rawat',         'nisha.rawat@gmail.com',     '$2a$10$8RU9HdBlVL/vMO5ab95u5epFyIPZ2EoYs9CB8qRyiCPnmEZY2br9G', '9828900029', '012349012329', '2004-05-24', '28, Vaishali Nagar, Jaipur - 302021'),
('NED-5OXXT-C9TIE', 'Rohit Kumar Verma',   'rohitkverma@gmail.com',     '$2a$10$8RU9HdBlVL/vMO5ab95u5epFyIPZ2EoYs9CB8qRyiCPnmEZY2br9G', '9837000030', '123450123430', '2005-05-24', '17, Alambagh, Lucknow - 226005');

-- QUALIFICATIONS

INSERT INTO QUALIFICATION (Certificate_Number, NED_ID, Institution_ID, Qualification_Level, Degree_Name, Field_of_Study, Enrollment_Date, Completion_Date, Total_Marks, Marks_Obtained, Percentage, Grade, Status, Entered_By, Verified_By, Verification_Date) VALUES
('CERT-10001', 'NED-Z9L5K-2HIV9',  3, 'Undergraduate', 'B.Sc.',    'Computer Science',        '2020-08-01', '2024-05-01', 1000, 818, 81.8, 'A', 'Pending',  9,   NULL, NULL),
('CERT-10002', 'NED-LJFWN-H3E96',  5, 'Postgraduate',  'M.Com.',   'Commerce',                '2020-08-01', '2024-05-01', 1000, 809, 80.9, 'A', 'Verified', 15,  14,   '2024-05-15'),
('CERT-10003', 'NED-I1AAN-FI9U4',  1, '10th',          'CBSE X',   'General',                 '2020-08-01', '2024-05-01', 1000, 877, 87.7, 'A', 'Rejected', 3,   NULL, NULL),
('CERT-10004', 'NED-5QSFR-R64OP',  6, 'Undergraduate', 'B.Tech.',  'Electronics Engineering', '2020-08-01', '2024-05-01', 1000, 707, 70.7, 'A', 'Verified', 18,  17,   '2024-05-15'),
('CERT-10005', 'NED-8ZCTB-0XX4D',  6, '12th',          'HSC',      'Science',                 '2020-08-01', '2024-05-01', 1000, 736, 73.6, 'A', 'Verified', 18,  17,   '2024-05-15'),
('CERT-10006', 'NED-PX0FB-2L1KN',  4, 'Undergraduate', 'B.A.',     'Economics',               '2020-08-01', '2024-05-01', 1000, 695, 69.5, 'A', 'Pending',  12,  NULL, NULL),
('CERT-10007', 'NED-8ZCTB-0XX4D',  6, 'Undergraduate', 'B.Sc.',    'Physics',                 '2020-08-01', '2024-05-01', 1000, 645, 64.5, 'A', 'Rejected', 18,  NULL, NULL),
('CERT-10008', 'NED-8ZCTB-0XX4D',  7, 'Undergraduate', 'B.Com.',   'Accounting',              '2020-08-01', '2024-05-01', 1000, 788, 78.8, 'A', 'Pending',  21,  NULL, NULL),
('CERT-10009', 'NED-PX0FB-2L1KN',  4, 'Postgraduate',  'M.B.A.',   'Finance',                 '2020-08-01', '2024-05-01', 1000, 757, 75.7, 'A', 'Verified', 12,  11,   '2024-05-15'),
('CERT-10010', 'NED-5QSFR-R64OP',  7, '12th',          'ISC',      'Commerce',                '2020-08-01', '2024-05-01', 1000, 901, 90.1, 'A', 'Verified', 21,  20,   '2024-05-15'),
('CERT-10011', 'NED-YY13B-2NICQ',  3, 'Undergraduate', 'B.Sc.',    'Mathematics',             '2020-08-01', '2024-05-01', 1000, 684, 68.4, 'A', 'Verified', 9,   8,    '2024-05-15'),
('CERT-10012', 'NED-5OXXT-C9TIE',  6, '12th',          'HSC',      'Science',                 '2020-08-01', '2024-05-01', 1000, 924, 92.4, 'A', 'Verified', 18,  17,   '2024-05-15'),
('CERT-10013', 'NED-YY13B-2NICQ',  1, '12th',          'CBSE XII', 'Humanities',              '2020-08-01', '2024-05-01', 1000, 895, 89.5, 'A', 'Rejected', 3,   NULL, NULL),
('CERT-10014', 'NED-JZBWC-OPVJ3',  7, 'Undergraduate', 'B.Com.',   'Business Studies',        '2020-08-01', '2024-05-01', 1000, 788, 78.8, 'A', 'Pending',  21,  NULL, NULL),
('CERT-10015', 'NED-BO0G5-NBBTA',  7, '10th',          'CBSE X',   'General',                 '2020-08-01', '2024-05-01', 1000, 624, 62.4, 'A', 'Verified', 21,  20,   '2024-05-15'),
('CERT-10016', 'NED-S6MG1-0J2LG',  1, 'Postgraduate',  'M.Tech.',  'Civil Engineering',       '2020-08-01', '2024-05-01', 1000, 884, 88.4, 'A', 'Verified', 3,   2,    '2024-05-15'),
('CERT-10017', 'NED-S6MG1-0J2LG',  4, '10th',          'SSC',      'General',                 '2020-08-01', '2024-05-01', 1000, 648, 64.8, 'A', 'Verified', 12,  11,   '2024-05-15'),
('CERT-10018', 'NED-S6MG1-0J2LG',  2, '10th',          'SSC',      'General',                 '2020-08-01', '2024-05-01', 1000, 823, 82.3, 'A', 'Verified', 6,   5,    '2024-05-15'),
('CERT-10019', 'NED-Z9L5K-2HIV9',  2, 'Undergraduate', 'B.Tech.',  'Information Technology',  '2020-08-01', '2024-05-01', 1000, 768, 76.8, 'A', 'Verified', 6,   5,    '2024-05-15'),
('CERT-10020', 'NED-BYACQ-7YDJX',  7, 'Postgraduate',  'M.B.A.',   'Marketing',               '2020-08-01', '2024-05-01', 1000, 790, 79.0, 'A', 'Verified', 21,  20,   '2024-05-15'),
('CERT-10021', 'NED-Z9L5K-2HIV9',  7, '10th',          'CBSE X',   'General',                 '2020-08-01', '2024-05-01', 1000, 698, 69.8, 'A', 'Rejected', 21,  NULL, NULL),
('CERT-10022', 'NED-61QF0-K7EZR',  2, '10th',          'SSC',      'General',                 '2020-08-01', '2024-05-01', 1000, 901, 90.1, 'A', 'Verified', 6,   5,    '2024-05-15'),
('CERT-10023', 'NED-BKFWM-YNECU',  3, '12th',          'HSE',      'Science',                 '2020-08-01', '2024-05-01', 1000, 632, 63.2, 'A', 'Verified', 9,   8,    '2024-05-15'),
('CERT-10024', 'NED-BYACQ-7YDJX',  3, '10th',          'CBSE X',   'General',                 '2020-08-01', '2024-05-01', 1000, 895, 89.5, 'A', 'Verified', 9,   8,    '2024-05-15'),
('CERT-10025', 'NED-PWJS5-322RG',  5, 'Undergraduate', 'B.A.',     'Political Science',        '2020-08-01', '2024-05-01', 1000, 876, 87.6, 'A', 'Rejected', 15,  NULL, NULL),
('CERT-10026', 'NED-5QSFR-R64OP',  4, '10th',          'SSC',      'General',                 '2020-08-01', '2024-05-01', 1000, 904, 90.4, 'A', 'Pending',  12,  NULL, NULL),
('CERT-10027', 'NED-S6MG1-0J2LG',  3, 'Undergraduate', 'B.Sc.',    'Chemistry',               '2020-08-01', '2024-05-01', 1000, 719, 71.9, 'A', 'Rejected', 9,   NULL, NULL),
('CERT-10028', 'NED-KK9QE-XTNHS',  3, '10th',          'CBSE X',   'General',                 '2020-08-01', '2024-05-01', 1000, 866, 86.6, 'A', 'Verified', 9,   8,    '2024-05-15'),
('CERT-10029', 'NED-V3413-3JRYM',  2, 'Undergraduate', 'B.Com.',   'Finance',                 '2020-08-01', '2024-05-01', 1000, 624, 62.4, 'A', 'Rejected', 6,   NULL, NULL),
('CERT-10030', 'NED-YXUIX-2I1IR',  4, 'Undergraduate', 'B.Sc.',    'Biotechnology',            '2020-08-01', '2024-05-01', 1000, 907, 90.7, 'A', 'Verified', 12,  11,   '2024-05-15'),
('CERT-10031', 'NED-8ZCTB-0XX4D',  6, '12th',          'HSC',      'Commerce',                '2020-08-01', '2024-05-01', 1000, 688, 68.8, 'A', 'Pending',  18,  NULL, NULL),
('CERT-10032', 'NED-QB99S-E8ZQ4',  1, '12th',          'CBSE XII', 'Science',                 '2020-08-01', '2024-05-01', 1000, 934, 93.4, 'A', 'Verified', 3,   2,    '2024-05-15'),
('CERT-10033', 'NED-8ZCTB-0XX4D',  2, 'Postgraduate',  'M.Sc.',    'Statistics',              '2020-08-01', '2024-05-01', 1000, 682, 68.2, 'A', 'Pending',  6,   NULL, NULL),
('CERT-10034', 'NED-YY13B-2NICQ',  2, '10th',          'SSC',      'General',                 '2020-08-01', '2024-05-01', 1000, 687, 68.7, 'A', 'Verified', 6,   5,    '2024-05-15'),
('CERT-10035', 'NED-5QSFR-R64OP',  1, '12th',          'CBSE XII', 'Science',                 '2020-08-01', '2024-05-01', 1000, 914, 91.4, 'A', 'Verified', 3,   2,    '2024-05-15'),
('CERT-10036', 'NED-S6MG1-0J2LG',  5, 'Undergraduate', 'B.A.',     'English Literature',       '2020-08-01', '2024-05-01', 1000, 705, 70.5, 'A', 'Rejected', 15,  NULL, NULL),
('CERT-10037', 'NED-KK9QE-XTNHS',  6, '10th',          'SSC',      'General',                 '2020-08-01', '2024-05-01', 1000, 908, 90.8, 'A', 'Rejected', 18,  NULL, NULL),
('CERT-10038', 'NED-I1AAN-FI9U4',  7, '12th',          'ISC',      'Science',                 '2020-08-01', '2024-05-01', 1000, 900, 90.0, 'A', 'Rejected', 21,  NULL, NULL),
('CERT-10039', 'NED-YXUIX-2I1IR',  6, 'Undergraduate', 'B.Tech.',  'Mechanical Engineering',  '2020-08-01', '2024-05-01', 1000, 665, 66.5, 'A', 'Verified', 18,  17,   '2024-05-15'),
('CERT-10040', 'NED-PWJS5-322RG',  1, 'Postgraduate',  'M.A.',     'History',                 '2020-08-01', '2024-05-01', 1000, 768, 76.8, 'A', 'Pending',  3,   NULL, NULL),
('CERT-10041', 'NED-V3413-3JRYM',  1, 'Undergraduate', 'B.Sc.',    'Zoology',                 '2020-08-01', '2024-05-01', 1000, 601, 60.1, 'A', 'Verified', 3,   2,    '2024-05-15'),
('CERT-10042', 'NED-CN5AH-1SNT7',  7, '10th',          'CBSE X',   'General',                 '2020-08-01', '2024-05-01', 1000, 813, 81.3, 'A', 'Verified', 21,  20,   '2024-05-15'),
('CERT-10043', 'NED-BYACQ-7YDJX',  6, '10th',          'SSC',      'General',                 '2020-08-01', '2024-05-01', 1000, 874, 87.4, 'A', 'Verified', 18,  17,   '2024-05-15'),
('CERT-10044', 'NED-6LL0Q-EBT03',  2, 'Postgraduate',  'M.Com.',   'Accounting',              '2020-08-01', '2024-05-01', 1000, 950, 95.0, 'A', 'Verified', 6,   5,    '2024-05-15'),
('CERT-10045', 'NED-YY13B-2NICQ',  1, 'Undergraduate', 'B.Tech.',  'Computer Science',        '2020-08-01', '2024-05-01', 1000, 929, 92.9, 'A', 'Rejected', 3,   NULL, NULL),
('CERT-10046', 'NED-8ZCTB-0XX4D',  7, 'Postgraduate',  'M.Tech.',  'Data Science',            '2020-08-01', '2024-05-01', 1000, 907, 90.7, 'A', 'Verified', 21,  20,   '2024-05-15'),
('CERT-10047', 'NED-BYACQ-7YDJX',  3, '12th',          'HSE',      'Commerce',                '2020-08-01', '2024-05-01', 1000, 820, 82.0, 'A', 'Rejected', 9,   NULL, NULL),
('CERT-10048', 'NED-ZSGCS-RH52L',  7, '10th',          'CBSE X',   'General',                 '2020-08-01', '2024-05-01', 1000, 629, 62.9, 'A', 'Verified', 21,  20,   '2024-05-15'),
('CERT-10049', 'NED-BYACQ-7YDJX',  1, 'Undergraduate', 'B.Sc.',    'Environmental Science',   '2020-08-01', '2024-05-01', 1000, 760, 76.0, 'A', 'Rejected', 3,   NULL, NULL),
('CERT-10050', 'NED-LJFWN-H3E96',  1, 'Postgraduate',  'M.Sc.',    'Applied Mathematics',     '2020-08-01', '2024-05-01', 1000, 827, 82.7, 'A', 'Verified', 3,   2,    '2024-05-15'),
('CERT-10051', 'NED-6LL0Q-EBT03',  5, '12th',          'HSC',      'Arts',                    '2020-08-01', '2024-05-01', 1000, 837, 83.7, 'A', 'Pending',  15,  NULL, NULL),
('CERT-10052', 'NED-PBYDC-W2ZDW',  2, '12th',          'HSC',      'Commerce',                '2020-08-01', '2024-05-01', 1000, 873, 87.3, 'A', 'Verified', 6,   5,    '2024-05-15'),
('CERT-10053', 'NED-65FV3-NB1A7',  3, 'Undergraduate', 'B.Des.',   'Fashion Design',           '2020-08-01', '2024-05-01', 1000, 935, 93.5, 'A', 'Verified', 9,   8,    '2024-05-15'),
('CERT-10054', 'NED-KK9QE-XTNHS',  1, 'Undergraduate', 'B.Tech.',  'Electrical Engineering',  '2020-08-01', '2024-05-01', 1000, 862, 86.2, 'A', 'Pending',  3,   NULL, NULL),
('CERT-10055', 'NED-V3413-3JRYM',  6, '12th',          'HSC',      'Commerce',                '2020-08-01', '2024-05-01', 1000, 600, 60.0, 'A', 'Pending',  18,  NULL, NULL),
('CERT-10056', 'NED-PWJS5-322RG',  2, 'Postgraduate',  'M.Phil.',  'Sociology',               '2020-08-01', '2024-05-01', 1000, 928, 92.8, 'A', 'Verified', 6,   5,    '2024-05-15'),
('CERT-10057', 'NED-JZBWC-OPVJ3',  5, '10th',          'CBSE X',   'General',                 '2020-08-01', '2024-05-01', 1000, 730, 73.0, 'A', 'Pending',  15,  NULL, NULL),
('CERT-10058', 'NED-YY13B-2NICQ',  7, 'Postgraduate',  'M.A.',     'Psychology',              '2020-08-01', '2024-05-01', 1000, 703, 70.3, 'A', 'Pending',  21,  NULL, NULL),
('CERT-10059', 'NED-BKFWM-YNECU',  6, 'Postgraduate',  'M.Sc.',    'Microbiology',            '2020-08-01', '2024-05-01', 1000, 827, 82.7, 'A', 'Pending',  18,  NULL, NULL),
('CERT-10060', 'NED-LJFWN-H3E96',  2, 'Postgraduate',  'M.B.A.',   'Human Resources',         '2020-08-01', '2024-05-01', 1000, 843, 84.3, 'A', 'Verified', 6,   5,    '2024-05-15');

-- EXTERNAL VERIFIERS

INSERT INTO EXTERNAL_VERIFIER (Organization_Name, Verifier_Type, Country, Contact_Person, Email, Password_Hash, Phone, Status, Approved_By, Approval_Date) VALUES
('Tata Consultancy Services Ltd.',   'Employer',    'India',     'Ramesh Iyer (Head HR)',       'bgv@tcs.com',               '$2a$10$8RU9HdBlVL/vMO5ab95u5epFyIPZ2EoYs9CB8qRyiCPnmEZY2br9G', '8041235678',  'Approved', 1,    '2024-05-01'),
('Infosys Limited',                  'Employer',    'India',     'Shalini Bhat (Talent Acq.)',  'bgv@infosys.com',           '$2a$10$8RU9HdBlVL/vMO5ab95u5epFyIPZ2EoYs9CB8qRyiCPnmEZY2br9G', '8028765432',  'Approved', 2,    '2024-05-01'),
('Wipro Technologies',               'Employer',    'India',     'Arjun Menon (HR Manager)',    'verification@wipro.com',    '$2a$10$8RU9HdBlVL/vMO5ab95u5epFyIPZ2EoYs9CB8qRyiCPnmEZY2br9G', '8023456789',  'Approved', 1,    '2024-05-01'),
('HCL Technologies',                 'Employer',    'India',     'Preethi Suresh (Recruiter)',  'bgv@hcltech.com',           '$2a$10$8RU9HdBlVL/vMO5ab95u5epFyIPZ2EoYs9CB8qRyiCPnmEZY2br9G', '1204567890',  'Approved', 1,    '2024-05-01'),
('Tech Mahindra Ltd.',               'Employer',    'India',     'Vikrant Sood (HR Lead)',      'verify@techmahindra.com',   '$2a$10$8RU9HdBlVL/vMO5ab95u5epFyIPZ2EoYs9CB8qRyiCPnmEZY2br9G', '2027654321',  'Approved', 2,    '2024-05-01'),
('University of British Columbia',   'University',  'Canada',    'Dr. Sarah Mitchell',          'admissions@ubc.ca',         '$2a$10$8RU9HdBlVL/vMO5ab95u5epFyIPZ2EoYs9CB8qRyiCPnmEZY2br9G', '6048223456',  'Approved', 2,    '2024-05-01'),
('Imperial College London',          'University',  'UK',        'Prof. James Hartley',         'intl.verify@imperial.ac.uk','$2a$10$8RU9HdBlVL/vMO5ab95u5epFyIPZ2EoYs9CB8qRyiCPnmEZY2br9G', '2075891234',  'Approved', 2,    '2024-05-01'),
('Global Visa & Immigration Svcs.',  'Immigration', 'UAE',       'Mr. Faisal Al Hashmi',        'india@globalvisa.ae',       '$2a$10$8RU9HdBlVL/vMO5ab95u5epFyIPZ2EoYs9CB8qRyiCPnmEZY2br9G', '97143567890', 'Approved', 1,    '2024-05-01'),
('Cognizant Technology Solutions',   'Employer',    'India',     'Lakshmi Priya (BGV Team)',    'bgv@cognizant.com',         '$2a$10$8RU9HdBlVL/vMO5ab95u5epFyIPZ2EoYs9CB8qRyiCPnmEZY2br9G', '4422345678',  'Pending',  NULL, '2024-05-01'),
('National University of Singapore', 'University',  'Singapore', 'Ms. Tan Wei Ling',            'credverify@nus.edu.sg',     '$2a$10$8RU9HdBlVL/vMO5ab95u5epFyIPZ2EoYs9CB8qRyiCPnmEZY2br9G', '6565161234',  'Pending',  NULL, '2024-05-01');

-- VERIFICATION REQUESTS

INSERT INTO VERIFICATION_REQUEST (NED_ID, Verifier_ID, Fee_ID, Purpose, Expiry_Date, Status, Processed_By) VALUES
-- COMPLETED (1-6): consent Granted, payment Completed, cert issued
('NED-PBYDC-W2ZDW', 2, 2, 'Employment credential check for Infosys lateral hire position',          '2026-12-31', 'Completed',   2),
('NED-5QSFR-R64OP',  5, 1, 'Employment verification for Tech Mahindra associate engineer role',      '2026-12-31', 'Completed',   2),
('NED-61QF0-K7EZR',  1, 5, 'Government job background check for SSC CGL selected candidate',        '2026-12-31', 'Completed',   1),
('NED-BYACQ-7YDJX',  7, 2, 'Higher education verification for NUS Singapore postgraduate admission', '2026-12-31', 'Completed',   1),
('NED-6LL0Q-EBT03',  6, 4, 'Scholarship verification for UBC excellence award programme',            '2026-12-31', 'Completed',   2),
('NED-PWJS5-322RG',  5, 4, 'Scholarship document check for Prime Minister research fellowship',      '2026-12-31', 'Completed',   1),
-- IN_PROGRESS (16-20): NEW FLOW — verifier paid upfront, consent still Pending
('NED-QB99S-E8ZQ4',  3, 1, 'Employment verification for Wipro STEM graduate hiring drive',           '2026-12-31', 'In_Progress', NULL),
('NED-YY13B-2NICQ',  1, 2, 'Higher education verification for TCS PhD partnership programme',        '2026-12-31', 'In_Progress', NULL),
('NED-5OXXT-C9TIE',  2, 1, 'Employment check for Infosys off-campus Lucknow drive 2024',             '2026-12-31', 'In_Progress', NULL),
('NED-V3413-3JRYM',  7, 5, 'Government job verification for Railway Recruitment Board selection',    '2026-12-31', 'In_Progress', NULL),
('NED-CN5AH-1SNT7',  1, 1, 'Employment credential check for TCS off-campus drive Chennai 2024',     '2026-12-31', 'In_Progress', NULL),
-- PENDING (21-30): verifier has not paid yet, consent Pending
('NED-PX0FB-2L1KN',  8, 4, 'Scholarship check for Global Visa merit scholarship programme UAE',     '2026-12-31', 'Pending',     NULL),
('NED-Z9L5K-2HIV9',  4, 4, 'Scholarship application for HCL Technologies excellence award 2024',    '2026-12-31', 'Pending',     NULL),
('NED-BYACQ-7YDJX',  2, 1, 'Employment verification for Infosys Pune centre lateral hire',          '2026-12-31', 'Pending',     NULL),
('NED-LJFWN-H3E96',  6, 4, 'Scholarship check for Dr. APJ Abdul Kalam national scholarship fund',   '2026-12-31', 'Pending',     NULL),
('NED-S6MG1-0J2LG',  4, 5, 'Government job credential check for DRDO scientist-B selection',        '2026-12-31', 'Pending',     NULL),
('NED-5QSFR-R64OP',  1, 4, 'Scholarship verification for TCS Foundation national scholarship 2024', '2026-12-31', 'Pending',     NULL),
('NED-YXUIX-2I1IR',  6, 3, 'Immigration credential check for New Zealand skilled resident visa',    '2026-12-31', 'Pending',     NULL),
('NED-PBYDC-W2ZDW',  6, 1, 'Employment check for UBC campus-based software engineer opening',       '2026-12-31', 'Pending',     NULL),
('NED-KK9QE-XTNHS',  1, 4, 'Background verification for TCS campus placement offer',                '2026-12-31', 'Pending',     NULL),
('NED-8ZCTB-0XX4D',  8, 5, 'Government job verification for Ministry of Defence civilian post',      '2026-12-31', 'Pending',     NULL),
-- REJECTED (31-40): student denied consent after payment was made → refund triggered
('NED-6LL0Q-EBT03',  5, 1, 'Employment check for Tech Mahindra digital practice team',              '2026-12-31', 'Rejected',    1),
('NED-QB99S-E8ZQ4',  3, 4, 'Scholarship check for Wipro STEM excellence award 2024',                '2026-12-31', 'Rejected',    2),
('NED-PWJS5-322RG',  4, 2, 'Higher education check for HCL-sponsored MTech programme',              '2026-12-31', 'Rejected',    2),
('NED-YY13B-2NICQ',  5, 2, 'Higher education check for Tech Mahindra BenchFlex MBA sponsorship',    '2026-12-31', 'Rejected',    2),
('NED-BYACQ-7YDJX',  2, 1, 'Employment verification for Infosys Kolkata centre lateral role',       '2026-12-31', 'Rejected',    1),
('NED-S6MG1-0J2LG',  5, 1, 'Academic verification for Tech Mahindra senior developer role',         '2026-12-31', 'Rejected',    2),
('NED-BKFWM-YNECU',  7, 1, 'Employment credential verification for Imperial College research role',  '2026-12-31', 'Rejected',    1),
('NED-65FV3-NB1A7',  6, 3, 'Immigration credential check for Australia skilled migrant visa',        '2026-12-31', 'Rejected',    2),
('NED-LJFWN-H3E96',  7, 4, 'Scholarship verification for Imperial College London research grant',    '2026-12-31', 'Rejected',    1),
('NED-61QF0-K7EZR',  3, 3, 'Immigration credential check for UK skilled worker visa category',       '2026-12-31', 'Rejected',    1);

-- REQUESTED_QUALIFICATION

INSERT INTO REQUESTED_QUALIFICATION (Request_ID, Qualification_ID, Consent_Status) VALUES
-- Completed (consent Granted)
(1,  52, 'Granted'),
(2,  4,  'Granted'),
(3,  22, 'Granted'),
(4,  20, 'Granted'),
(5,  44, 'Granted'),
(6,  56, 'Granted'),
-- In_Progress (payment done upfront, consent still Pending)
(7,  32, 'Pending'),
(8,  11, 'Pending'),
(9,  12, 'Pending'),
(10, 41, 'Pending'),
(11, 42, 'Pending'),
-- Pending (not paid yet, consent Pending)
(12, 9,  'Pending'),
(13, 19, 'Pending'),
(14, 24, 'Pending'),
(15, 60, 'Pending'),
(16, 18, 'Pending'),
(17, 35, 'Pending'),
(18, 39, 'Pending'),
(19, 52, 'Pending'),
(20, 28, 'Pending'),
(21, 46, 'Pending'),
-- Rejected (consent Denied)
(22, 44, 'Denied'),
(23, 32, 'Denied'),
(24, 56, 'Denied'),
(25, 34, 'Denied'),
(26, 43, 'Denied'),
(27, 17, 'Denied'),
(28, 23, 'Denied'),
(29, 53, 'Denied'),
(30, 2,  'Denied'),
(31, 22, 'Denied');

-- PAYMENT_TRANSACTION

INSERT INTO PAYMENT_TRANSACTION (Request_ID, Amount, Payment_Method, Payment_Status, Payment_Gateway_Ref, Receipt_Number, Receipt_Path, Refund_Date, Refund_Reason) VALUES
-- Completed requests (1–6)
(1,  400, 'UPI',         'Completed', 'TXN-2001', 'REC-A1B2C-3D4EF', '/receipts/rec_1.pdf',  NULL, NULL),
(2,  500, 'UPI',         'Completed', 'TXN-2002', 'REC-B2C3D-4E5FG', '/receipts/rec_2.pdf',  NULL, NULL),
(3,  600, 'Net_Banking', 'Completed', 'TXN-2003', 'REC-C3D4E-5F6GH', '/receipts/rec_3.pdf',  NULL, NULL),
(4,  400, 'Card',        'Completed', 'TXN-2004', 'REC-D4E5F-6G7HI', '/receipts/rec_4.pdf',  NULL, NULL),
(5,  300, 'UPI',         'Completed', 'TXN-2005', 'REC-E5F6G-7H8IJ', '/receipts/rec_5.pdf',  NULL, NULL),
(6,  300, 'UPI',         'Completed', 'TXN-2006', 'REC-F6G7H-8I9JK', '/receipts/rec_6.pdf',  NULL, NULL),
-- In_Progress: paid upfront, consent still Pending (7–11)
(7,  500, 'UPI',         'Completed', 'TXN-2007', 'REC-G7H8I-9J0KL', '/receipts/rec_7.pdf',  NULL, NULL),
(8,  400, 'Card',        'Completed', 'TXN-2008', 'REC-H8I9J-0K1LM', '/receipts/rec_8.pdf',  NULL, NULL),
(9,  500, 'UPI',         'Completed', 'TXN-2009', 'REC-I9J0K-1L2MN', '/receipts/rec_9.pdf',  NULL, NULL),
(10, 600, 'Net_Banking', 'Completed', 'TXN-2010', 'REC-J0K1L-2M3NO', '/receipts/rec_10.pdf', NULL, NULL),
(11, 500, 'UPI',         'Completed', 'TXN-2011', 'REC-K1L2M-3N4OP', '/receipts/rec_11.pdf', NULL, NULL),
-- Pending: verifier has not paid yet (12–21)
(12, 300, 'UPI',         'Pending',   'TXN-2012', NULL, NULL, NULL, NULL),
(13, 300, 'UPI',         'Pending',   'TXN-2013', NULL, NULL, NULL, NULL),
(14, 500, 'UPI',         'Pending',   'TXN-2014', NULL, NULL, NULL, NULL),
(15, 300, 'UPI',         'Pending',   'TXN-2015', NULL, NULL, NULL, NULL),
(16, 600, 'UPI',         'Pending',   'TXN-2016', NULL, NULL, NULL, NULL),
(17, 300, 'UPI',         'Pending',   'TXN-2017', NULL, NULL, NULL, NULL),
(18, 800, 'UPI',         'Pending',   'TXN-2018', NULL, NULL, NULL, NULL),
(19, 500, 'UPI',         'Pending',   'TXN-2019', NULL, NULL, NULL, NULL),
(20, 300, 'UPI',         'Pending',   'TXN-2020', NULL, NULL, NULL, NULL),
(21, 600, 'UPI',         'Pending',   'TXN-2021', NULL, NULL, NULL, NULL),
(22, 500, 'UPI',         'Refunded',  'TXN-2022', 'REC-L2M3N-4O5PQ', '/receipts/rec_22.pdf', '2024-11-05', 'Student denied consent for qualification disclosure — automatic refund processed.'),
(23, 300, 'Net_Banking', 'Refunded',  'TXN-2023', 'REC-M3N4O-5P6QR', '/receipts/rec_23.pdf', '2024-11-07', 'Student denied consent for qualification disclosure — automatic refund processed.'),
(24, 400, 'UPI',         'Pending',   'TXN-2024', NULL, NULL, NULL, NULL),
(25, 400, 'UPI',         'Refunded',  'TXN-2025', 'REC-N4O5P-6Q7RS', '/receipts/rec_25.pdf', '2024-11-10', 'Student denied consent for qualification disclosure — automatic refund processed.'),
(26, 500, 'Card',        'Pending',   'TXN-2026', NULL, NULL, NULL, NULL),
(27, 500, 'UPI',         'Refunded',  'TXN-2027', 'REC-O5P6Q-7R8ST', '/receipts/rec_27.pdf', '2024-11-12', 'Student denied consent for qualification disclosure — automatic refund processed.'),
(28, 500, 'UPI',         'Pending',   'TXN-2028', NULL, NULL, NULL, NULL),
(29, 800, 'UPI',         'Refunded',  'TXN-2029', 'REC-P6Q7R-8S9TU', '/receipts/rec_29.pdf', '2024-11-15', 'Student denied consent for qualification disclosure — automatic refund processed.'),
(30, 300, 'Net_Banking', 'Pending',   'TXN-2030', NULL, NULL, NULL, NULL),
(31, 800, 'UPI',         'Refunded',  'TXN-2031', 'REC-Q7R8S-9T0UV', '/receipts/rec_31.pdf', '2024-11-18', 'Student denied consent for qualification disclosure — automatic refund processed.');

-- VERIFICATION CERTIFICATES

INSERT INTO VERIFICATION_CERTIFICATE (Request_ID, Certificate_Number, Valid_Until, QR_Code_Path, PDF_Path) VALUES
(1, 'V-CERT-RP1AX-BMNQ2', '2027-12-31', '/qr/qr_req1.png', '/pdf/cert_req1.pdf'),
(2, 'V-CERT-KS2BY-CNOR3', '2027-12-31', '/qr/qr_req2.png', '/pdf/cert_req2.pdf'),
(3, 'V-CERT-LT3CZ-DOPS4', '2027-12-31', '/qr/qr_req3.png', '/pdf/cert_req3.pdf'),
(4, 'V-CERT-MU4DA-EPQT5', '2027-12-31', '/qr/qr_req4.png', '/pdf/cert_req4.pdf'),
(5, 'V-CERT-NV5EB-FQRU6', '2027-12-31', '/qr/qr_req5.png', '/pdf/cert_req5.pdf'),
(6, 'V-CERT-OW6FC-GRSV7', '2027-12-31', '/qr/qr_req6.png', '/pdf/cert_req6.pdf');

-- SUPPORTING DOCUMENTS

INSERT INTO SUPPORTING_DOCUMENT (Qualification_ID, Document_Type, Document_Path, File_Size_KB, Uploaded_By) VALUES
(16, 'Certificate', '/docs/inst1/cert_16.pdf',  480, 3),
(16, 'Marksheet',   '/docs/inst1/marks_16.pdf', 320, 3),
(16, 'Transcript',  '/docs/inst1/trans_16.pdf', 290, 3),
(32, 'Certificate', '/docs/inst1/cert_32.pdf',  510, 3),
(32, 'Marksheet',   '/docs/inst1/marks_32.pdf', 340, 3),
(35, 'Certificate', '/docs/inst1/cert_35.pdf',  495, 3),
(35, 'Marksheet',   '/docs/inst1/marks_35.pdf', 310, 3),
(50, 'Certificate', '/docs/inst1/cert_50.pdf',  525, 3),
(50, 'Transcript',  '/docs/inst1/trans_50.pdf', 275, 3),
(41, 'Certificate', '/docs/inst1/cert_41.pdf',  465, 3),
(41, 'Marksheet',   '/docs/inst1/marks_41.pdf', 300, 3),
(18, 'Certificate', '/docs/inst2/cert_18.pdf',  440, 6),
(18, 'Marksheet',   '/docs/inst2/marks_18.pdf', 285, 6),
(19, 'Certificate', '/docs/inst2/cert_19.pdf',  470, 6),
(19, 'Marksheet',   '/docs/inst2/marks_19.pdf', 295, 6),
(44, 'Certificate', '/docs/inst2/cert_44.pdf',  530, 6),
(44, 'Transcript',  '/docs/inst2/trans_44.pdf', 310, 6),
(52, 'Certificate', '/docs/inst2/cert_52.pdf',  455, 6),
(52, 'Marksheet',   '/docs/inst2/marks_52.pdf', 280, 6),
(22, 'Certificate', '/docs/inst2/cert_22.pdf',  490, 6),
(22, 'Marksheet',   '/docs/inst2/marks_22.pdf', 315, 6),
(11, 'Certificate', '/docs/inst3/cert_11.pdf',  460, 9),
(11, 'Marksheet',   '/docs/inst3/marks_11.pdf', 305, 9),
(23, 'Certificate', '/docs/inst3/cert_23.pdf',  475, 9),
(23, 'Marksheet',   '/docs/inst3/marks_23.pdf', 290, 9),
(24, 'Certificate', '/docs/inst3/cert_24.pdf',  500, 9),
(24, 'ID_Proof',    '/docs/inst3/id_24.pdf',    210, 9),
(28, 'Certificate', '/docs/inst3/cert_28.pdf',  485, 9),
(28, 'Marksheet',   '/docs/inst3/marks_28.pdf', 325, 9),
(53, 'Certificate', '/docs/inst3/cert_53.pdf',  540, 9),
(53, 'Transcript',  '/docs/inst3/trans_53.pdf', 295, 9),
(9,  'Certificate', '/docs/inst4/cert_9.pdf',   470, 12),
(9,  'Marksheet',   '/docs/inst4/marks_9.pdf',  315, 12),
(9,  'Transcript',  '/docs/inst4/trans_9.pdf',  280, 12),
(17, 'Certificate', '/docs/inst4/cert_17.pdf',  445, 12),
(17, 'Marksheet',   '/docs/inst4/marks_17.pdf', 290, 12),
(30, 'Certificate', '/docs/inst4/cert_30.pdf',  515, 12),
(30, 'Marksheet',   '/docs/inst4/marks_30.pdf', 330, 12),
(2,  'Certificate', '/docs/inst5/cert_2.pdf',   460, 15),
(2,  'Marksheet',   '/docs/inst5/marks_2.pdf',  300, 15),
(2,  'ID_Proof',    '/docs/inst5/id_2.pdf',     195, 15),
(4,  'Certificate', '/docs/inst6/cert_4.pdf',   495, 18),
(4,  'Marksheet',   '/docs/inst6/marks_4.pdf',  320, 18),
(4,  'Transcript',  '/docs/inst6/trans_4.pdf',  285, 18),
(5,  'Certificate', '/docs/inst6/cert_5.pdf',   475, 18),
(5,  'Marksheet',   '/docs/inst6/marks_5.pdf',  305, 18),
(12, 'Certificate', '/docs/inst6/cert_12.pdf',  510, 18),
(12, 'Marksheet',   '/docs/inst6/marks_12.pdf', 335, 18),
(39, 'Certificate', '/docs/inst6/cert_39.pdf',  465, 18),
(39, 'Transcript',  '/docs/inst6/trans_39.pdf', 275, 18),
(10, 'Certificate', '/docs/inst7/cert_10.pdf',  500, 21),
(10, 'Marksheet',   '/docs/inst7/marks_10.pdf', 330, 21),
(15, 'Certificate', '/docs/inst7/cert_15.pdf',  455, 21),
(15, 'ID_Proof',    '/docs/inst7/id_15.pdf',    200, 21),
(20, 'Certificate', '/docs/inst7/cert_20.pdf',  490, 21),
(20, 'Transcript',  '/docs/inst7/trans_20.pdf', 280, 21),
(42, 'Certificate', '/docs/inst7/cert_42.pdf',  470, 21),
(42, 'Marksheet',   '/docs/inst7/marks_42.pdf', 295, 21),
(46, 'Certificate', '/docs/inst7/cert_46.pdf',  520, 21),
(46, 'Transcript',  '/docs/inst7/trans_46.pdf', 300, 21),
(48, 'Certificate', '/docs/inst7/cert_48.pdf',  445, 21),
(48, 'Marksheet',   '/docs/inst7/marks_48.pdf', 270, 21);


-- NOTIFICATION

INSERT INTO NOTIFICATION (Recipient_Email, Notification_Type, Message, Read_Status) VALUES
-- Payment confirmations: Completed (1–6)
('bgv@infosys.com',            'Payment_Confirmation', 'Payment of ₹400 received for Request #1 (Infosys lateral hire — Rahul Gupta). Transaction ref: TXN-2001.',                                              1),
('verify@techmahindra.com',    'Payment_Confirmation', 'Payment of ₹500 received for Request #2 (Tech Mahindra engineer — Aman Singh Rathore). Transaction ref: TXN-2002.',                                    1),
('bgv@tcs.com',                'Payment_Confirmation', 'Payment of ₹600 received for Request #3 (SSC CGL government job — Vikram Srivastava). Transaction ref: TXN-2003.',                                      1),
('intl.verify@imperial.ac.uk', 'Payment_Confirmation', 'Payment of ₹400 received for Request #4 (NUS Singapore postgraduate — Naveen Reddy). Transaction ref: TXN-2004.',                                       1),
('admissions@ubc.ca',          'Payment_Confirmation', 'Payment of ₹300 received for Request #5 (UBC excellence scholarship — Pratik Desai). Transaction ref: TXN-2005.',                                       1),
('verify@techmahindra.com',    'Payment_Confirmation', 'Payment of ₹300 received for Request #6 (PM Research Fellowship — Ankita Joshi). Transaction ref: TXN-2006.',                                           1),
-- Payment confirmations: In_Progress upfront-paid (7–11), consent still Pending
('verification@wipro.com',     'Payment_Confirmation', 'Payment of ₹500 received for Request #7 (Wipro STEM hiring — Arjun Rao Goud). Verification is In Progress. Student consent is awaited. Ref: TXN-2007.',  0),
('bgv@tcs.com',                'Payment_Confirmation', 'Payment of ₹400 received for Request #8 (TCS PhD programme — Nisha Rawat). Verification is In Progress. Student consent is awaited. Ref: TXN-2008.',     0),
('bgv@infosys.com',            'Payment_Confirmation', 'Payment of ₹500 received for Request #9 (Infosys Lucknow drive — Rohit Kumar Verma). Verification is In Progress. Student consent is awaited. Ref: TXN-2009.', 0),
('intl.verify@imperial.ac.uk', 'Payment_Confirmation', 'Payment of ₹600 received for Request #10 (RRB government job — Ajay Kumar Tripathi). Verification is In Progress. Student consent is awaited. Ref: TXN-2010.', 0),
('bgv@tcs.com',                'Payment_Confirmation', 'Payment of ₹500 received for Request #11 (TCS Chennai drive — Deepa Nair). Verification is In Progress. Student consent is awaited. Ref: TXN-2011.',     0),
-- Refund notifications: Rejected after payment (22,23,25,27,29,31)
('verify@techmahindra.com',    'Payment_Confirmation', 'Refund of ₹500 processed for Request #22 (Tech Mahindra digital practice — Pratik Desai). Ref: TXN-2022. Student denied consent. Refund date: 2024-11-05.',   1),
('verification@wipro.com',     'Payment_Confirmation', 'Refund of ₹300 processed for Request #23 (Wipro STEM award — Arjun Rao Goud). Ref: TXN-2023. Student denied consent. Refund date: 2024-11-07.',              1),
('verify@techmahindra.com',    'Payment_Confirmation', 'Refund of ₹400 processed for Request #25 (Tech Mahindra BenchFlex MBA — Nisha Rawat). Ref: TXN-2025. Student denied consent. Refund date: 2024-11-10.',       0),
('verify@techmahindra.com',    'Payment_Confirmation', 'Refund of ₹500 processed for Request #27 (Tech Mahindra senior developer — Siddharth Kulkarni). Ref: TXN-2027. Student denied consent. Refund date: 2024-11-12.', 0),
('admissions@ubc.ca',          'Payment_Confirmation', 'Refund of ₹800 processed for Request #29 (UBC Australia immigration — Kunal Bose). Ref: TXN-2029. Student denied consent. Refund date: 2024-11-15.',          0),
('verification@wipro.com',     'Payment_Confirmation', 'Refund of ₹800 processed for Request #31 (Wipro UK skilled worker visa — Vikram Srivastava). Ref: TXN-2031. Student denied consent. Refund date: 2024-11-18.', 0),
-- Status updates: Completed (1–6)
('bgv@infosys.com',            'Status_Update', 'Request #1 completed. Credentials of Rahul Gupta verified. Log in to download certificate V-CERT-RP1AX-BMNQ2.',                                               1),
('verify@techmahindra.com',    'Status_Update', 'Request #2 completed. Credentials of Aman Singh Rathore verified. Certificate V-CERT-KS2BY-CNOR3 ready for download.',                                        1),
('bgv@tcs.com',                'Status_Update', 'Request #3 completed. Government job credential check for Vikram Srivastava cleared. Certificate V-CERT-LT3CZ-DOPS4 issued.',                                 1),
('intl.verify@imperial.ac.uk', 'Status_Update', 'Request #4 completed. Credentials of Naveen Reddy confirmed for NUS Singapore admission. Certificate V-CERT-MU4DA-EPQT5 issued.',                             1),
('admissions@ubc.ca',          'Status_Update', 'Request #5 completed. UBC scholarship documents of Pratik Desai verified. Certificate V-CERT-NV5EB-FQRU6 issued.',                                            1),
('verify@techmahindra.com',    'Status_Update', 'Request #6 completed. PM Research Fellowship documents of Ankita Joshi verified. Certificate V-CERT-OW6FC-GRSV7 issued.',                                     1),
-- Status updates: Rejected with refund (22,23,25,27,29,31)
('verify@techmahindra.com',    'Status_Update', 'Request #22 rejected. Pratik Desai denied consent. Payment of ₹500 has been refunded to your account.',                                                        1),
('verification@wipro.com',     'Status_Update', 'Request #23 rejected. Arjun Rao Goud denied consent. Payment of ₹300 has been refunded to your account.',                                                      1),
('bgv@hcltech.com',            'Status_Update', 'Request #24 rejected. Ankita Joshi denied consent for the HCL MTech programme check. No payment was collected.',                                               0),
('verify@techmahindra.com',    'Status_Update', 'Request #25 rejected. Nisha Rawat denied consent. Payment of ₹400 has been refunded to your account.',                                                         0),
('bgv@infosys.com',            'Status_Update', 'Request #26 rejected. Naveen Reddy denied consent for the Infosys Kolkata lateral hire. No payment was collected.',                                            0),
('verify@techmahindra.com',    'Status_Update', 'Request #27 rejected. Siddharth Kulkarni denied consent. Payment of ₹500 has been refunded to your account.',                                                  0),
('intl.verify@imperial.ac.uk', 'Status_Update', 'Request #28 rejected. Priya Venkatesh denied consent for Imperial College research role. No payment was collected.',                                           0),
('admissions@ubc.ca',          'Status_Update', 'Request #29 rejected. Kunal Bose denied consent. Payment of ₹800 has been refunded to your account.',                                                          0),
('intl.verify@imperial.ac.uk', 'Status_Update', 'Request #30 rejected. Hardik Patel denied consent for Imperial College research grant. No payment was collected.',                                             0),
('verification@wipro.com',     'Status_Update', 'Request #31 rejected. Vikram Srivastava denied consent. Payment of ₹800 has been refunded to your account.',                                                   0),
-- Certificate ready (Completed 1–6)
('bgv@infosys.com',            'Certificate_Ready', 'Certificate V-CERT-RP1AX-BMNQ2 ready for Request #1 (Rahul Gupta). Log in to SQVS to download the signed PDF.',                                           1),
('verify@techmahindra.com',    'Certificate_Ready', 'Certificate V-CERT-KS2BY-CNOR3 ready for Request #2 (Aman Singh Rathore). Log in to SQVS to download the signed PDF.',                                   1),
('bgv@tcs.com',                'Certificate_Ready', 'Certificate V-CERT-LT3CZ-DOPS4 ready for Request #3 (Vikram Srivastava). Log in to SQVS to download the signed PDF.',                                    1),
('intl.verify@imperial.ac.uk', 'Certificate_Ready', 'Certificate V-CERT-MU4DA-EPQT5 ready for Request #4 (Naveen Reddy). Log in to SQVS to download the signed PDF.',                                         1),
('admissions@ubc.ca',          'Certificate_Ready', 'Certificate V-CERT-NV5EB-FQRU6 ready for Request #5 (Pratik Desai). Log in to SQVS to download the signed PDF.',                                         0),
('verify@techmahindra.com',    'Certificate_Ready', 'Certificate V-CERT-OW6FC-GRSV7 ready for Request #6 (Ankita Joshi). Log in to SQVS to download the signed PDF.',                                         0),
-- Consent alerts to students: Completed (1–6, read)
('rahul.gupta@gmail.com',      'Verification_Request', 'Infosys Limited has requested verification of your qualification (CERT-10052 — 12th HSC Commerce). Log in to SQVS to grant or deny consent.',          1),
('aman.rathore@gmail.com',     'Verification_Request', 'Tech Mahindra Ltd. has requested verification of your qualification (CERT-10004 — B.Tech Electronics). Log in to SQVS to respond.',                    1),
('vikram.srivas@gmail.com',    'Verification_Request', 'TCS has requested verification of your qualification (CERT-10022 — 10th SSC). Log in to SQVS to grant or deny consent.',                               1),
('naveen.reddy@gmail.com',     'Verification_Request', 'Imperial College London has requested verification of your qualification (CERT-10020 — MBA Marketing). Log in to SQVS to respond.',                    1),
('pratik.desai@gmail.com',     'Verification_Request', 'University of British Columbia has requested verification of your qualification (CERT-10044 — M.Com Accounting). Log in to SQVS to respond.',          1),
('ankita.joshi@gmail.com',     'Verification_Request', 'Tech Mahindra Ltd. has requested verification of your qualification (CERT-10056 — M.Phil Sociology). Log in to SQVS to respond.',                     1),
-- Consent alerts: In_Progress upfront-paid (7–11), urgent
('arjun.goud@gmail.com',       'Verification_Request', 'Wipro Technologies has paid for verification of your qualification (CERT-10032 — 12th CBSE XII Science). Your consent is required urgently. Log in to SQVS.', 0),
('nisha.rawat@gmail.com',      'Verification_Request', 'TCS has paid for verification of your qualification (CERT-10011 — B.Sc Mathematics). Your consent is required urgently. Log in to SQVS to respond.',   0),
('rohitkverma@gmail.com',      'Verification_Request', 'Infosys Limited has paid for verification of your qualification (CERT-10012 — 12th HSC Science). Your consent is required urgently. Log in to SQVS.',  0),
('ajay.tripathi@gmail.com',    'Verification_Request', 'Imperial College London has paid for verification of your qualification (CERT-10041 — B.Sc Zoology). Your consent is required urgently. Log in to SQVS.', 0),
('deepa.nair@gmail.com',       'Verification_Request', 'TCS has paid for verification of your qualification (CERT-10042 — 10th CBSE). Your consent is required urgently. Log in to SQVS to respond.',          0),
-- Consent alerts: Pending (12–21, not paid yet)
('ritika.agarwal@gmail.com',   'Verification_Request', 'Global Visa & Immigration Svcs. has requested scholarship verification of your qualification (CERT-10009 — MBA Finance). Log in to SQVS to respond.',  0),
('irfan.khan@gmail.com',       'Verification_Request', 'HCL Technologies has requested scholarship verification of your qualification (CERT-10019 — B.Tech IT). Log in to SQVS to respond.',                   0),
('naveen.reddy@gmail.com',     'Verification_Request', 'Infosys Limited has requested employment verification of your qualification (CERT-10024 — 10th CBSE). Log in to SQVS to respond.',                     0),
('hardik.patel@gmail.com',     'Verification_Request', 'University of British Columbia has requested scholarship verification of your qualification (CERT-10060 — MBA HR). Log in to SQVS to respond.',         0),
('sidkulkarni@gmail.com',      'Verification_Request', 'HCL Technologies has requested government job credential check for your qualification (CERT-10018 — 10th SSC). Log in to SQVS to respond.',            0),
('aman.rathore@gmail.com',     'Verification_Request', 'TCS has requested scholarship verification of your qualification (CERT-10035 — 12th CBSE XII Science). Log in to SQVS to respond.',                    0),
('tanushree.m@gmail.com',      'Verification_Request', 'University of British Columbia has requested immigration verification of your qualification (CERT-10039 — B.Tech Mechanical). Log in to SQVS.',         0),
('rahul.gupta@gmail.com',      'Verification_Request', 'University of British Columbia has requested employment verification of your qualification (CERT-10052 — 12th HSC Commerce). Log in to SQVS.',          0),
('meghna.iyer@gmail.com',      'Verification_Request', 'TCS has requested background verification of your qualification (CERT-10028 — 10th CBSE). Log in to SQVS to respond.',                                 0),
('roshni.sub@gmail.com',       'Verification_Request', 'Global Visa & Immigration Svcs. has requested government job verification of your qualification (CERT-10046 — M.Tech Data Science). Log in to SQVS.',  0),
-- Status updates to students: Completed (1–6)
('rahul.gupta@gmail.com',      'Status_Update', 'Your verification request (Request #1) with Infosys has been completed. Certificate V-CERT-RP1AX-BMNQ2 issued to the employer.',                              1),
('aman.rathore@gmail.com',     'Status_Update', 'Your verification request (Request #2) with Tech Mahindra has been completed. Certificate V-CERT-KS2BY-CNOR3 issued to the employer.',                        1),
('vikram.srivas@gmail.com',    'Status_Update', 'Your verification request (Request #3) with TCS for SSC CGL has been completed. Certificate V-CERT-LT3CZ-DOPS4 issued.',                                      1),
('naveen.reddy@gmail.com',     'Status_Update', 'Your verification request (Request #4) with Imperial College London has been completed. Certificate V-CERT-MU4DA-EPQT5 issued.',                              1),
('pratik.desai@gmail.com',     'Status_Update', 'Your verification request (Request #5) with UBC has been completed. Certificate V-CERT-NV5EB-FQRU6 issued to the scholarship committee.',                     0),
('ankita.joshi@gmail.com',     'Status_Update', 'Your verification request (Request #6) for PM Research Fellowship has been completed. Certificate V-CERT-OW6FC-GRSV7 issued.',                                0),
-- Status updates to students: Rejected with/without refund
('pratik.desai@gmail.com',     'Status_Update', 'Your verification request (Request #22) with Tech Mahindra has been rejected because you denied consent. The verifier payment of ₹500 has been refunded.',    1),
('arjun.goud@gmail.com',       'Status_Update', 'Your verification request (Request #23) with Wipro Technologies has been rejected because you denied consent. The verifier payment has been refunded.',        1),
('ankita.joshi@gmail.com',     'Status_Update', 'Your verification request (Request #24) with HCL Technologies has been rejected because you denied consent.',                                                  0),
('nisha.rawat@gmail.com',      'Status_Update', 'Your verification request (Request #25) with Tech Mahindra has been rejected because you denied consent. The verifier payment has been refunded.',             0),
('naveen.reddy@gmail.com',     'Status_Update', 'Your verification request (Request #26) with Infosys has been rejected because you denied consent.',                                                           0),
('sidkulkarni@gmail.com',      'Status_Update', 'Your verification request (Request #27) with Tech Mahindra has been rejected because you denied consent. The verifier payment has been refunded.',             0),
('priya.venkatesh@gmail.com',  'Status_Update', 'Your verification request (Request #28) with Imperial College London has been rejected because you denied consent.',                                           0),
('kunal.bose@gmail.com',       'Status_Update', 'Your verification request (Request #29) with UBC has been rejected because you denied consent. The verifier payment has been refunded.',                       0),
('hardik.patel@gmail.com',     'Status_Update', 'Your verification request (Request #30) with Imperial College London has been rejected because you denied consent.',                                           0),
('vikram.srivas@gmail.com',    'Status_Update', 'Your verification request (Request #31) with Wipro Technologies has been rejected because you denied consent. The verifier payment has been refunded.',        0),
-- Ministry alerts
('rajesh.sharma@gov.in',       'Other', 'System Alert: 10 verification requests are currently pending student consent (including 5 where payment has already been collected). Please review the queue.',        1),
('priya.nair@gov.in',          'Other', 'System Alert: 2 new external verifier registrations pending approval — Cognizant Technology Solutions and National University of Singapore.',                          0),
('sanjay.gupta@gov.in',        'Other', 'System Alert: Ahmedabad Design Institute (LIC1008) and Jaipur Royal College of Commerce (LIC1009) have submitted institution registration requests for review.',       0),
('meena.verma@gov.in',         'Other', 'Weekly Summary: 6 certificates issued. 6 requests completed. 10 rejected (6 refunded). 5 in progress. 10 pending payment.',                                           0);

-- AUDIT_LOG

INSERT INTO AUDIT_LOG (User_Email, Action_Type, Table_Name, Record_ID, Old_Value, New_Value, IP_Address) VALUES
('rajesh.sharma@gov.in',       'LOGIN',  'MINISTRY_OFFICIAL', '1', NULL, NULL, '14.139.123.45'),
('priya.nair@gov.in',          'LOGIN',  'MINISTRY_OFFICIAL', '2', NULL, NULL, '14.139.123.46'),
('sanjay.gupta@gov.in',        'LOGIN',  'MINISTRY_OFFICIAL', '3', NULL, NULL, '14.139.123.47'),
('meena.verma@gov.in',         'LOGIN',  'MINISTRY_OFFICIAL', '4', NULL, NULL, '14.139.123.48'),
-- Institution approvals
('rajesh.sharma@gov.in',       'UPDATE', 'INSTITUTION', '1',  'Status:Pending', 'Status:Approved', '14.139.123.45'),
('priya.nair@gov.in',          'UPDATE', 'INSTITUTION', '2',  'Status:Pending', 'Status:Approved', '14.139.123.46'),
('priya.nair@gov.in',          'UPDATE', 'INSTITUTION', '3',  'Status:Pending', 'Status:Approved', '14.139.123.46'),
('priya.nair@gov.in',          'UPDATE', 'INSTITUTION', '4',  'Status:Pending', 'Status:Approved', '14.139.123.46'),
('priya.nair@gov.in',          'UPDATE', 'INSTITUTION', '5',  'Status:Pending', 'Status:Approved', '14.139.123.46'),
('priya.nair@gov.in',          'UPDATE', 'INSTITUTION', '6',  'Status:Pending', 'Status:Approved', '14.139.123.46'),
('priya.nair@gov.in',          'UPDATE', 'INSTITUTION', '7',  'Status:Pending', 'Status:Approved', '14.139.123.46'),
('priya.nair@gov.in',          'UPDATE', 'INSTITUTION', '10', 'Status:Pending', 'Status:Rejected', '14.139.123.46'),
-- External verifier approvals
('rajesh.sharma@gov.in',       'UPDATE', 'EXTERNAL_VERIFIER', '1', 'Status:Pending', 'Status:Approved', '14.139.123.45'),
('rajesh.sharma@gov.in',       'UPDATE', 'EXTERNAL_VERIFIER', '3', 'Status:Pending', 'Status:Approved', '14.139.123.45'),
('rajesh.sharma@gov.in',       'UPDATE', 'EXTERNAL_VERIFIER', '4', 'Status:Pending', 'Status:Approved', '14.139.123.45'),
('rajesh.sharma@gov.in',       'UPDATE', 'EXTERNAL_VERIFIER', '8', 'Status:Pending', 'Status:Approved', '14.139.123.45'),
('priya.nair@gov.in',          'UPDATE', 'EXTERNAL_VERIFIER', '2', 'Status:Pending', 'Status:Approved', '14.139.123.46'),
('priya.nair@gov.in',          'UPDATE', 'EXTERNAL_VERIFIER', '5', 'Status:Pending', 'Status:Approved', '14.139.123.46'),
('priya.nair@gov.in',          'UPDATE', 'EXTERNAL_VERIFIER', '6', 'Status:Pending', 'Status:Approved', '14.139.123.46'),
('priya.nair@gov.in',          'UPDATE', 'EXTERNAL_VERIFIER', '7', 'Status:Pending', 'Status:Approved', '14.139.123.46'),
-- Ministry processing: Completed requests (1–6)
('priya.nair@gov.in',          'UPDATE', 'VERIFICATION_REQUEST', '1',  'Status:In_Progress', 'Status:Completed', '14.139.123.46'),
('priya.nair@gov.in',          'UPDATE', 'VERIFICATION_REQUEST', '2',  'Status:In_Progress', 'Status:Completed', '14.139.123.46'),
('rajesh.sharma@gov.in',       'UPDATE', 'VERIFICATION_REQUEST', '3',  'Status:In_Progress', 'Status:Completed', '14.139.123.45'),
('rajesh.sharma@gov.in',       'UPDATE', 'VERIFICATION_REQUEST', '4',  'Status:In_Progress', 'Status:Completed', '14.139.123.45'),
('priya.nair@gov.in',          'UPDATE', 'VERIFICATION_REQUEST', '5',  'Status:In_Progress', 'Status:Completed', '14.139.123.46'),
('rajesh.sharma@gov.in',       'UPDATE', 'VERIFICATION_REQUEST', '6',  'Status:In_Progress', 'Status:Completed', '14.139.123.45'),
-- Ministry processing: Rejected requests (22–31)
('rajesh.sharma@gov.in',       'UPDATE', 'VERIFICATION_REQUEST', '22', 'Status:Pending', 'Status:Rejected', '14.139.123.45'),
('priya.nair@gov.in',          'UPDATE', 'VERIFICATION_REQUEST', '23', 'Status:Pending', 'Status:Rejected', '14.139.123.46'),
('priya.nair@gov.in',          'UPDATE', 'VERIFICATION_REQUEST', '24', 'Status:Pending', 'Status:Rejected', '14.139.123.46'),
('priya.nair@gov.in',          'UPDATE', 'VERIFICATION_REQUEST', '25', 'Status:Pending', 'Status:Rejected', '14.139.123.46'),
('rajesh.sharma@gov.in',       'UPDATE', 'VERIFICATION_REQUEST', '26', 'Status:Pending', 'Status:Rejected', '14.139.123.45'),
('priya.nair@gov.in',          'UPDATE', 'VERIFICATION_REQUEST', '27', 'Status:Pending', 'Status:Rejected', '14.139.123.46'),
('rajesh.sharma@gov.in',       'UPDATE', 'VERIFICATION_REQUEST', '28', 'Status:Pending', 'Status:Rejected', '14.139.123.45'),
('priya.nair@gov.in',          'UPDATE', 'VERIFICATION_REQUEST', '29', 'Status:Pending', 'Status:Rejected', '14.139.123.46'),
('rajesh.sharma@gov.in',       'UPDATE', 'VERIFICATION_REQUEST', '30', 'Status:Pending', 'Status:Rejected', '14.139.123.45'),
('rajesh.sharma@gov.in',       'UPDATE', 'VERIFICATION_REQUEST', '31', 'Status:Pending', 'Status:Rejected', '14.139.123.45'),
-- Upfront payment triggering In_Progress (7–11)
('verification@wipro.com',     'UPDATE', 'PAYMENT_TRANSACTION',   '7',  'Payment_Status:Pending', 'Payment_Status:Completed', '14.98.112.34'),
('bgv@tcs.com',                'UPDATE', 'PAYMENT_TRANSACTION',   '8',  'Payment_Status:Pending', 'Payment_Status:Completed', '203.129.45.23'),
('bgv@infosys.com',            'UPDATE', 'PAYMENT_TRANSACTION',   '9',  'Payment_Status:Pending', 'Payment_Status:Completed', '59.144.23.78'),
('intl.verify@imperial.ac.uk', 'UPDATE', 'PAYMENT_TRANSACTION',   '10', 'Payment_Status:Pending', 'Payment_Status:Completed', '155.198.67.89'),
('bgv@tcs.com',                'UPDATE', 'PAYMENT_TRANSACTION',   '11', 'Payment_Status:Pending', 'Payment_Status:Completed', '203.129.45.23'),
-- Trigger auto-moved requests 7–11 to In_Progress
('verification@wipro.com',     'UPDATE', 'VERIFICATION_REQUEST',  '7',  'Status:Pending', 'Status:In_Progress', '14.98.112.34'),
('bgv@tcs.com',                'UPDATE', 'VERIFICATION_REQUEST',  '8',  'Status:Pending', 'Status:In_Progress', '203.129.45.23'),
('bgv@infosys.com',            'UPDATE', 'VERIFICATION_REQUEST',  '9',  'Status:Pending', 'Status:In_Progress', '59.144.23.78'),
('intl.verify@imperial.ac.uk', 'UPDATE', 'VERIFICATION_REQUEST',  '10', 'Status:Pending', 'Status:In_Progress', '155.198.67.89'),
('bgv@tcs.com',                'UPDATE', 'VERIFICATION_REQUEST',  '11', 'Status:Pending', 'Status:In_Progress', '203.129.45.23'),
-- Refund audit trail (22,23,25,27,29,31)
('verify@techmahindra.com',    'UPDATE', 'PAYMENT_TRANSACTION',   '22', 'Payment_Status:Completed', 'Payment_Status:Refunded', '49.36.200.11'),
('verification@wipro.com',     'UPDATE', 'PAYMENT_TRANSACTION',   '23', 'Payment_Status:Completed', 'Payment_Status:Refunded', '14.98.112.34'),
('verify@techmahindra.com',    'UPDATE', 'PAYMENT_TRANSACTION',   '25', 'Payment_Status:Completed', 'Payment_Status:Refunded', '49.36.200.11'),
('verify@techmahindra.com',    'UPDATE', 'PAYMENT_TRANSACTION',   '27', 'Payment_Status:Completed', 'Payment_Status:Refunded', '49.36.200.11'),
('admissions@ubc.ca',          'UPDATE', 'PAYMENT_TRANSACTION',   '29', 'Payment_Status:Completed', 'Payment_Status:Refunded', '142.103.45.67'),
('verification@wipro.com',     'UPDATE', 'PAYMENT_TRANSACTION',   '31', 'Payment_Status:Completed', 'Payment_Status:Refunded', '14.98.112.34'),
-- Ministry certificate issuance
('priya.nair@gov.in',          'CREATE', 'VERIFICATION_CERTIFICATE', '1', NULL, 'Certificate:V-CERT-RP1AX-BMNQ2', '14.139.123.46'),
('priya.nair@gov.in',          'CREATE', 'VERIFICATION_CERTIFICATE', '2', NULL, 'Certificate:V-CERT-KS2BY-CNOR3', '14.139.123.46'),
('rajesh.sharma@gov.in',       'CREATE', 'VERIFICATION_CERTIFICATE', '3', NULL, 'Certificate:V-CERT-LT3CZ-DOPS4', '14.139.123.45'),
('rajesh.sharma@gov.in',       'CREATE', 'VERIFICATION_CERTIFICATE', '4', NULL, 'Certificate:V-CERT-MU4DA-EPQT5', '14.139.123.45'),
('priya.nair@gov.in',          'CREATE', 'VERIFICATION_CERTIFICATE', '5', NULL, 'Certificate:V-CERT-NV5EB-FQRU6', '14.139.123.46'),
('rajesh.sharma@gov.in',       'CREATE', 'VERIFICATION_CERTIFICATE', '6', NULL, 'Certificate:V-CERT-OW6FC-GRSV7', '14.139.123.45'),
('rajesh.sharma@gov.in',       'LOGOUT', 'MINISTRY_OFFICIAL', '1', NULL, NULL, '14.139.123.45'),
('priya.nair@gov.in',          'LOGOUT', 'MINISTRY_OFFICIAL', '2', NULL, NULL, '14.139.123.46'),
-- Institution staff activity
('amit.tiwari@dtu.ac.in',              'LOGIN',  'INSTITUTION_STAFF', '1',  NULL, NULL, '103.21.58.12'),
('sneha.rathore@dtu.ac.in',            'LOGIN',  'INSTITUTION_STAFF', '2',  NULL, NULL, '103.21.58.13'),
('manish.yadav@dtu.ac.in',             'LOGIN',  'INSTITUTION_STAFF', '3',  NULL, NULL, '103.21.58.14'),
('rohit.mehta@mumbaicommerce.edu',     'LOGIN',  'INSTITUTION_STAFF', '4',  NULL, NULL, '49.36.112.22'),
('kavita.sharma@mumbaicommerce.edu',   'LOGIN',  'INSTITUTION_STAFF', '5',  NULL, NULL, '49.36.112.23'),
('suresh.nair@bsacademy.edu',          'LOGIN',  'INSTITUTION_STAFF', '7',  NULL, NULL, '117.96.45.78'),
('mahesh.kulkarni@pei.edu.in',         'LOGIN',  'INSTITUTION_STAFF', '10', NULL, NULL, '59.88.234.56'),
('venkat.reddy@htuniv.edu.in',         'LOGIN',  'INSTITUTION_STAFF', '16', NULL, NULL, '122.167.45.89'),
('debashish.b@kms.edu.in',             'LOGIN',  'INSTITUTION_STAFF', '19', NULL, NULL, '45.118.32.67'),
('manish.yadav@dtu.ac.in',             'CREATE', 'QUALIFICATION', '16', NULL, 'Certificate:CERT-10016, Student:NED-S6MG1-0J2LG', '103.21.58.14'),
('manish.yadav@dtu.ac.in',             'CREATE', 'QUALIFICATION', '32', NULL, 'Certificate:CERT-10032, Student:NED-QB99S-E8ZQ4', '103.21.58.14'),
('manish.yadav@dtu.ac.in',             'CREATE', 'QUALIFICATION', '35', NULL, 'Certificate:CERT-10035, Student:NED-5QSFR-R64OP', '103.21.58.14'),
('nilesh.patil@mumbaicommerce.edu',    'CREATE', 'QUALIFICATION', '18', NULL, 'Certificate:CERT-10018, Student:NED-S6MG1-0J2LG', '49.36.112.24'),
('nilesh.patil@mumbaicommerce.edu',    'CREATE', 'QUALIFICATION', '19', NULL, 'Certificate:CERT-10019, Student:NED-Z9L5K-2HIV9',  '49.36.112.24'),
('nilesh.patil@mumbaicommerce.edu',    'CREATE', 'QUALIFICATION', '44', NULL, 'Certificate:CERT-10044, Student:NED-6LL0Q-EBT03', '49.36.112.24'),
('ravi.gowda@bsacademy.edu',           'CREATE', 'QUALIFICATION', '11', NULL, 'Certificate:CERT-10011, Student:NED-YY13B-2NICQ', '117.96.45.79'),
('ravi.gowda@bsacademy.edu',           'CREATE', 'QUALIFICATION', '23', NULL, 'Certificate:CERT-10023, Student:NED-BKFWM-YNECU', '117.96.45.79'),
('ravi.gowda@bsacademy.edu',           'CREATE', 'QUALIFICATION', '24', NULL, 'Certificate:CERT-10024, Student:NED-BYACQ-7YDJX', '117.96.45.79'),
('sachin.bhosale@pei.edu.in',          'CREATE', 'QUALIFICATION', '9',  NULL, 'Certificate:CERT-10009, Student:NED-PX0FB-2L1KN', '59.88.234.57'),
('sachin.bhosale@pei.edu.in',          'CREATE', 'QUALIFICATION', '17', NULL, 'Certificate:CERT-10017, Student:NED-S6MG1-0J2LG', '59.88.234.57'),
('sachin.bhosale@pei.edu.in',          'CREATE', 'QUALIFICATION', '30', NULL, 'Certificate:CERT-10030, Student:NED-YXUIX-2I1IR', '59.88.234.57'),
('srikanth.babu@htuniv.edu.in',        'CREATE', 'QUALIFICATION', '4',  NULL, 'Certificate:CERT-10004, Student:NED-5QSFR-R64OP', '122.167.45.90'),
('srikanth.babu@htuniv.edu.in',        'CREATE', 'QUALIFICATION', '5',  NULL, 'Certificate:CERT-10005, Student:NED-8ZCTB-0XX4D', '122.167.45.90'),
('srikanth.babu@htuniv.edu.in',        'CREATE', 'QUALIFICATION', '12', NULL, 'Certificate:CERT-10012, Student:NED-5OXXT-C9TIE', '122.167.45.90'),
('arnab.ghosh@kms.edu.in',             'CREATE', 'QUALIFICATION', '10', NULL, 'Certificate:CERT-10010, Student:NED-5QSFR-R64OP', '45.118.32.68'),
('arnab.ghosh@kms.edu.in',             'CREATE', 'QUALIFICATION', '15', NULL, 'Certificate:CERT-10015, Student:NED-BO0G5-NBBTA', '45.118.32.68'),
('arnab.ghosh@kms.edu.in',             'CREATE', 'QUALIFICATION', '20', NULL, 'Certificate:CERT-10020, Student:NED-BYACQ-7YDJX', '45.118.32.68'),
('sneha.rathore@dtu.ac.in',            'UPDATE', 'QUALIFICATION', '16', 'Status:Pending', 'Status:Verified', '103.21.58.13'),
('sneha.rathore@dtu.ac.in',            'UPDATE', 'QUALIFICATION', '32', 'Status:Pending', 'Status:Verified', '103.21.58.13'),
('sneha.rathore@dtu.ac.in',            'UPDATE', 'QUALIFICATION', '35', 'Status:Pending', 'Status:Verified', '103.21.58.13'),
('kavita.sharma@mumbaicommerce.edu',   'UPDATE', 'QUALIFICATION', '18', 'Status:Pending', 'Status:Verified', '49.36.112.23'),
('kavita.sharma@mumbaicommerce.edu',   'UPDATE', 'QUALIFICATION', '19', 'Status:Pending', 'Status:Verified', '49.36.112.23'),
('kavita.sharma@mumbaicommerce.edu',   'UPDATE', 'QUALIFICATION', '44', 'Status:Pending', 'Status:Verified', '49.36.112.23'),
('divya.k@bsacademy.edu',              'UPDATE', 'QUALIFICATION', '11', 'Status:Pending', 'Status:Verified', '117.96.45.78'),
('divya.k@bsacademy.edu',              'UPDATE', 'QUALIFICATION', '23', 'Status:Pending', 'Status:Verified', '117.96.45.78'),
('pooja.deshmukh@pei.edu.in',          'UPDATE', 'QUALIFICATION', '9',  'Status:Pending', 'Status:Verified', '59.88.234.56'),
('anitha.p@htuniv.edu.in',             'UPDATE', 'QUALIFICATION', '4',  'Status:Pending', 'Status:Verified', '122.167.45.89'),
('anitha.p@htuniv.edu.in',             'UPDATE', 'QUALIFICATION', '5',  'Status:Pending', 'Status:Verified', '122.167.45.89'),
('rina.chakraborty@kms.edu.in',        'UPDATE', 'QUALIFICATION', '10', 'Status:Pending', 'Status:Verified', '45.118.32.67'),
('rina.chakraborty@kms.edu.in',        'UPDATE', 'QUALIFICATION', '20', 'Status:Pending', 'Status:Verified', '45.118.32.67'),
('sneha.rathore@dtu.ac.in',            'UPDATE', 'QUALIFICATION', '3',  'Status:Pending', 'Status:Rejected', '103.21.58.13'),
('sneha.rathore@dtu.ac.in',            'UPDATE', 'QUALIFICATION', '13', 'Status:Pending', 'Status:Rejected', '103.21.58.13'),
('anitha.p@htuniv.edu.in',             'UPDATE', 'QUALIFICATION', '7',  'Status:Pending', 'Status:Rejected', '122.167.45.89'),
('rina.chakraborty@kms.edu.in',        'UPDATE', 'QUALIFICATION', '21', 'Status:Pending', 'Status:Rejected', '45.118.32.67'),
('manish.yadav@dtu.ac.in',             'CREATE', 'SUPPORTING_DOCUMENT', '1',  NULL, 'DocType:Certificate, QualID:16', '103.21.58.14'),
('nilesh.patil@mumbaicommerce.edu',    'CREATE', 'SUPPORTING_DOCUMENT', '12', NULL, 'DocType:Certificate, QualID:18', '49.36.112.24'),
('ravi.gowda@bsacademy.edu',           'CREATE', 'SUPPORTING_DOCUMENT', '22', NULL, 'DocType:Certificate, QualID:11', '117.96.45.79'),
('sachin.bhosale@pei.edu.in',          'CREATE', 'SUPPORTING_DOCUMENT', '32', NULL, 'DocType:Certificate, QualID:9',  '59.88.234.57'),
('srikanth.babu@htuniv.edu.in',        'CREATE', 'SUPPORTING_DOCUMENT', '41', NULL, 'DocType:Certificate, QualID:4',  '122.167.45.90'),
('manish.yadav@dtu.ac.in',             'LOGOUT', 'INSTITUTION_STAFF', '3',  NULL, NULL, '103.21.58.14'),
('sneha.rathore@dtu.ac.in',            'LOGOUT', 'INSTITUTION_STAFF', '2',  NULL, NULL, '103.21.58.13'),
('nilesh.patil@mumbaicommerce.edu',    'LOGOUT', 'INSTITUTION_STAFF', '6',  NULL, NULL, '49.36.112.24'),
('anitha.p@htuniv.edu.in',             'LOGOUT', 'INSTITUTION_STAFF', '17', NULL, NULL, '122.167.45.89'),
-- Student activity
('anil.ahirwar@gmail.com',             'LOGIN',  'STUDENT', 'NED-Q450J-L9GNI', NULL, NULL, '157.32.45.101'),
('rahul.gupta@gmail.com',              'LOGIN',  'STUDENT', 'NED-PBYDC-W2ZDW', NULL, NULL, '106.51.23.88'),
('aman.rathore@gmail.com',             'LOGIN',  'STUDENT', 'NED-5QSFR-R64OP', NULL, NULL, '117.55.34.22'),
('ankita.joshi@gmail.com',             'LOGIN',  'STUDENT', 'NED-PWJS5-322RG', NULL, NULL, '49.207.67.45'),
('vikram.srivas@gmail.com',            'LOGIN',  'STUDENT', 'NED-61QF0-K7EZR', NULL, NULL, '122.176.34.89'),
('sidkulkarni@gmail.com',              'LOGIN',  'STUDENT', 'NED-S6MG1-0J2LG', NULL, NULL, '103.24.56.78'),
('naveen.reddy@gmail.com',             'LOGIN',  'STUDENT', 'NED-BYACQ-7YDJX', NULL, NULL, '122.167.78.34'),
('meghna.iyer@gmail.com',              'LOGIN',  'STUDENT', 'NED-KK9QE-XTNHS', NULL, NULL, '117.96.56.90'),
('rahul.gupta@gmail.com',              'VIEW', 'QUALIFICATION', '52', NULL, NULL, '106.51.23.88'),
('aman.rathore@gmail.com',             'VIEW', 'QUALIFICATION', '4',  NULL, NULL, '117.55.34.22'),
('aman.rathore@gmail.com',             'VIEW', 'QUALIFICATION', '10', NULL, NULL, '117.55.34.22'),
('ankita.joshi@gmail.com',             'VIEW', 'QUALIFICATION', '56', NULL, NULL, '49.207.67.45'),
('vikram.srivas@gmail.com',            'VIEW', 'QUALIFICATION', '22', NULL, NULL, '122.176.34.89'),
('sidkulkarni@gmail.com',              'VIEW', 'QUALIFICATION', '16', NULL, NULL, '103.24.56.78'),
('naveen.reddy@gmail.com',             'VIEW', 'QUALIFICATION', '20', NULL, NULL, '122.167.78.34'),
('meghna.iyer@gmail.com',              'VIEW', 'QUALIFICATION', '28', NULL, NULL, '117.96.56.90'),
-- Students granting consent (Completed 1–6)
('rahul.gupta@gmail.com',              'UPDATE', 'REQUESTED_QUALIFICATION', '1',  'Consent:Pending', 'Consent:Granted', '106.51.23.88'),
('aman.rathore@gmail.com',             'UPDATE', 'REQUESTED_QUALIFICATION', '2',  'Consent:Pending', 'Consent:Granted', '117.55.34.22'),
('vikram.srivas@gmail.com',            'UPDATE', 'REQUESTED_QUALIFICATION', '3',  'Consent:Pending', 'Consent:Granted', '122.176.34.89'),
('naveen.reddy@gmail.com',             'UPDATE', 'REQUESTED_QUALIFICATION', '4',  'Consent:Pending', 'Consent:Granted', '122.167.78.34'),
('pratik.desai@gmail.com',             'UPDATE', 'REQUESTED_QUALIFICATION', '5',  'Consent:Pending', 'Consent:Granted', '106.51.89.34'),
('ankita.joshi@gmail.com',             'UPDATE', 'REQUESTED_QUALIFICATION', '6',  'Consent:Pending', 'Consent:Granted', '49.207.67.45'),
-- Students denying consent (Rejected 22–31, triggers refund where applicable)
('pratik.desai@gmail.com',             'UPDATE', 'REQUESTED_QUALIFICATION', '22', 'Consent:Pending', 'Consent:Denied', '106.51.89.34'),
('arjun.goud@gmail.com',               'UPDATE', 'REQUESTED_QUALIFICATION', '23', 'Consent:Pending', 'Consent:Denied', '122.167.90.12'),
('ankita.joshi@gmail.com',             'UPDATE', 'REQUESTED_QUALIFICATION', '24', 'Consent:Pending', 'Consent:Denied', '49.207.67.45'),
('nisha.rawat@gmail.com',              'UPDATE', 'REQUESTED_QUALIFICATION', '25', 'Consent:Pending', 'Consent:Denied', '49.207.23.45'),
('naveen.reddy@gmail.com',             'UPDATE', 'REQUESTED_QUALIFICATION', '26', 'Consent:Pending', 'Consent:Denied', '122.167.78.34'),
('sidkulkarni@gmail.com',              'UPDATE', 'REQUESTED_QUALIFICATION', '27', 'Consent:Pending', 'Consent:Denied', '103.24.56.78'),
-- Student logouts
('rahul.gupta@gmail.com',              'LOGOUT', 'STUDENT', 'NED-PBYDC-W2ZDW', NULL, NULL, '106.51.23.88'),
('aman.rathore@gmail.com',             'LOGOUT', 'STUDENT', 'NED-5QSFR-R64OP', NULL, NULL, '117.55.34.22'),
('ankita.joshi@gmail.com',             'LOGOUT', 'STUDENT', 'NED-PWJS5-322RG', NULL, NULL, '49.207.67.45'),
-- External verifier activity
('bgv@tcs.com',                        'LOGIN',  'EXTERNAL_VERIFIER', '1', NULL, NULL, '203.129.45.23'),
('bgv@infosys.com',                    'LOGIN',  'EXTERNAL_VERIFIER', '2', NULL, NULL, '59.144.23.78'),
('verification@wipro.com',             'LOGIN',  'EXTERNAL_VERIFIER', '3', NULL, NULL, '14.98.112.34'),
('verify@techmahindra.com',            'LOGIN',  'EXTERNAL_VERIFIER', '5', NULL, NULL, '49.36.200.11'),
('admissions@ubc.ca',                  'LOGIN',  'EXTERNAL_VERIFIER', '6', NULL, NULL, '142.103.45.67'),
('intl.verify@imperial.ac.uk',         'LOGIN',  'EXTERNAL_VERIFIER', '7', NULL, NULL, '155.198.67.89'),
('bgv@infosys.com',                    'CREATE', 'VERIFICATION_REQUEST', '1',  NULL, 'NED:NED-PBYDC-W2ZDW, Purpose:Infosys lateral hire',      '59.144.23.78'),
('verify@techmahindra.com',            'CREATE', 'VERIFICATION_REQUEST', '2',  NULL, 'NED:NED-5QSFR-R64OP, Purpose:TechM engineer role',        '49.36.200.11'),
('bgv@tcs.com',                        'CREATE', 'VERIFICATION_REQUEST', '3',  NULL, 'NED:NED-61QF0-K7EZR, Purpose:SSC CGL government job',     '203.129.45.23'),
('intl.verify@imperial.ac.uk',         'CREATE', 'VERIFICATION_REQUEST', '4',  NULL, 'NED:NED-BYACQ-7YDJX, Purpose:NUS Singapore PG admission', '155.198.67.89'),
('admissions@ubc.ca',                  'CREATE', 'VERIFICATION_REQUEST', '5',  NULL, 'NED:NED-6LL0Q-EBT03, Purpose:UBC excellence scholarship', '142.103.45.67'),
('verify@techmahindra.com',            'CREATE', 'VERIFICATION_REQUEST', '6',  NULL, 'NED:NED-PWJS5-322RG, Purpose:PM Research Fellowship',      '49.36.200.11'),
('bgv@infosys.com',                    'VIEW',   'VERIFICATION_CERTIFICATE', '1', NULL, NULL, '59.144.23.78'),
('verify@techmahindra.com',            'VIEW',   'VERIFICATION_CERTIFICATE', '2', NULL, NULL, '49.36.200.11'),
('bgv@tcs.com',                        'VIEW',   'VERIFICATION_CERTIFICATE', '3', NULL, NULL, '203.129.45.23'),
('admissions@ubc.ca',                  'VIEW',   'VERIFICATION_CERTIFICATE', '5', NULL, NULL, '142.103.45.67'),
('bgv@tcs.com',                        'LOGOUT', 'EXTERNAL_VERIFIER', '1', NULL, NULL, '203.129.45.23'),
('bgv@infosys.com',                    'LOGOUT', 'EXTERNAL_VERIFIER', '2', NULL, NULL, '59.144.23.78'),
('admissions@ubc.ca',                  'LOGOUT', 'EXTERNAL_VERIFIER', '6', NULL, NULL, '142.103.45.67'),
-- Error report activity
('sidkulkarni@gmail.com',              'CREATE', 'ERROR_REPORT', '1', NULL, 'QualID:16, Issue:Degree name mismatch',      '103.24.56.78'),
('aman.rathore@gmail.com',             'CREATE', 'ERROR_REPORT', '2', NULL, 'QualID:4,  Issue:Marks obtained incorrect',  '117.55.34.22'),
('vikram.srivas@gmail.com',            'CREATE', 'ERROR_REPORT', '3', NULL, 'QualID:22, Issue:Field of study incorrect',  '122.176.34.89'),
('hardik.patel@gmail.com',             'CREATE', 'ERROR_REPORT', '4', NULL, 'QualID:50, Issue:Enrollment date wrong',     '157.45.23.90'),
('ritika.agarwal@gmail.com',           'CREATE', 'ERROR_REPORT', '5', NULL, 'QualID:9,  Issue:MBA specialisation name',   '49.207.34.56'),
('arjun.goud@gmail.com',               'CREATE', 'ERROR_REPORT', '6', NULL, 'QualID:32, Issue:Grade discrepancy A vs A+', '122.167.90.12'),
('sneha.rathore@dtu.ac.in',            'UPDATE', 'ERROR_REPORT', '1', 'Status:Open', 'Status:Resolved', '103.21.58.13'),
('anitha.p@htuniv.edu.in',             'UPDATE', 'ERROR_REPORT', '2', 'Status:Open', 'Status:Resolved', '122.167.45.89'),
('kavita.sharma@mumbaicommerce.edu',   'UPDATE', 'ERROR_REPORT', '3', 'Status:Open', 'Status:Resolved', '49.36.112.23'),
('sneha.rathore@dtu.ac.in',            'UPDATE', 'ERROR_REPORT', '4', 'Status:Open', 'Status:Resolved', '103.21.58.13'),
('pooja.deshmukh@pei.edu.in',          'UPDATE', 'ERROR_REPORT', '5', 'Status:Open', 'Status:Resolved', '59.88.234.56');